Order_ID,Customer_ID,Age,Payment_Mode,Order_Date,Price,Quantity,City,Category,Gender
ORD1000,CUST229,19.0,,2023-11-05,28.95,10,New York,Books,Other
ORD1001,CUST507,49.0,Debit Card,2023-03-23,412.09,6,Phoenix,Home,Male
ORD1002,CUST366,,Debit Card,2023-10-22,419.37,9,Chicago,Books,Other
ORD1003,CUST965,,Debit Card,2023-08-31,263.88,5,Chicago,Home,Male
ORD1004,CUST211,65.0,PayPal,2023-04-06,287.59,3,Los Angeles,Home,Other
ORD1005,CUST817,,PayPal,2023-12-18,24.24,4,Phoenix,Books,Male
ORD1006,CUST577,42.0,Credit Card,2023-04-14,128.03,3,Phoenix,Clothing,Male
ORD1007,CUST420,,Debit Card,2023-06-03,368.7,9,New York,Home,Male
ORD1008,CUST145,,,2023-07-03,91.55,10,Phoenix,Clothing,Other
ORD1009,CUST936,,Credit Card,2023-05-18,68.67,5,Los Angeles,Books,Female
ORD1010,CUST483,,Debit Card,2023-01-31,365.18,5,Houston,Electronics,Other
ORD1011,CUST891,,Credit Card,2023-08-30,28.63,6,Los Angeles,Electronics,Male
ORD1012,CUST449,,PayPal,2023-08-12,170.56,8,Phoenix,Clothing,Other
ORD1013,CUST215,57.0,PayPal,2023-11-07,421.87,1,Chicago,Clothing,Male
ORD1014,CUST118,,,2023-01-28,32.41,3,Los Angeles,Home,Other
ORD1015,CUST219,26.0,Debit Card,2023-04-15,153.93,10,Phoenix,Home,Other
ORD1016,CUST938,,,2023-08-04,341.07,10,Houston,Books,Female
ORD1017,CUST342,57.0,,2023-03-28,236.48,4,Houston,Home,Female
ORD1018,CUST688,,PayPal,2023-10-29,323.97,9,Phoenix,Electronics,Other
ORD1019,CUST743,,PayPal,2023-09-07,261.76,5,Phoenix,Electronics,Other
ORD1020,CUST826,,PayPal,2023-08-19,476.06,4,Chicago,Clothing,Other
ORD1021,CUST669,,Debit Card,2023-06-21,277.77,3,New York,Clothing,Other
ORD1022,CUST621,42.0,,2023-05-22,332.62,4,Chicago,Electronics,Female
ORD1023,CUST372,37.0,Debit Card,2023-02-13,344.9,5,Chicago,Beauty,Male
ORD1024,CUST719,,Debit Card,2023-02-09,126.67,2,Los Angeles,Books,Male
ORD1025,CUST983,36.0,PayPal,2023-03-02,479.52,6,Phoenix,Electronics,Female
ORD1026,CUST361,30.0,Debit Card,2023-01-27,486.66,9,Los Angeles,Books,Male
ORD1027,CUST488,57.0,PayPal,2023-07-02,388.15,7,Houston,Beauty,Other
ORD1028,CUST602,59.0,Credit Card,2023-04-19,212.44,6,Los Angeles,Electronics,Male
ORD1029,CUST351,,PayPal,2023-07-31,483.6,1,Phoenix,Beauty,Other
ORD1030,CUST801,,PayPal,2023-01-28,174.93,3,Chicago,Clothing,Other
ORD1031,CUST622,,,2023-01-31,215.14,9,Los Angeles,Home,Male
ORD1032,CUST369,,Credit Card,2023-08-19,493.34,7,New York,Electronics,Other
ORD1033,CUST278,64.0,Debit Card,2023-05-30,61.03,7,New York,Home,Other
ORD1034,CUST878,,,2023-02-17,285.33,5,Los Angeles,Home,Male
ORD1035,CUST937,,Debit Card,2023-12-09,196.85,10,Los Angeles,Clothing,Other
ORD1036,CUST363,47.0,PayPal,2023-01-17,369.86,6,Houston,Books,Male
ORD1037,CUST897,44.0,Credit Card,2023-10-21,487.5,10,Phoenix,Books,Male
ORD1038,CUST485,44.0,Credit Card,2023-04-15,273.82,2,New York,Electronics,Female
ORD1039,CUST267,43.0,Debit Card,2023-05-28,441.25,2,Houston,Books,Other
ORD1040,CUST471,,PayPal,2023-09-26,498.54,7,New York,Books,Female
ORD1041,CUST259,62.0,,2023-03-09,474.47,9,Phoenix,Home,Male
ORD1042,CUST817,70.0,PayPal,2023-11-13,95.88,10,Phoenix,Clothing,Other
ORD1043,CUST718,65.0,Credit Card,2023-05-30,61.61,4,Phoenix,Home,Other
ORD1044,CUST307,,,2023-03-12,87.35,2,Los Angeles,Home,Female
ORD1045,CUST352,,Credit Card,2023-01-10,318.84,2,Houston,Electronics,Female
ORD1046,CUST356,,,2023-06-10,325.66,5,Houston,Books,Male
ORD1047,CUST852,31.0,PayPal,2023-12-23,75.91,2,Houston,Beauty,Other
ORD1048,CUST250,,,2023-09-07,127.07,1,Chicago,Electronics,Other
ORD1049,CUST765,47.0,Credit Card,2023-05-19,75.66,6,New York,Books,Other
ORD1050,CUST246,37.0,Credit Card,2023-04-21,493.82,5,Houston,Books,Other
ORD1051,CUST368,,,2023-10-20,35.94,10,Houston,Books,Other
ORD1052,CUST580,37.0,,2023-03-30,141.64,10,Phoenix,Home,Other
ORD1053,CUST889,,Credit Card,2023-02-01,462.62,6,New York,Electronics,Female
ORD1054,CUST112,22.0,,2023-08-24,411.74,6,New York,Electronics,Other
ORD1055,CUST829,,Debit Card,2023-06-09,56.47,2,Los Angeles,Home,Female
ORD1056,CUST431,,,2023-10-27,31.98,7,New York,Books,Female
ORD1057,CUST666,,Credit Card,2023-12-17,232.54,9,Los Angeles,Home,Other
ORD1058,CUST505,,,2023-10-16,206.58,1,New York,Beauty,Male
ORD1059,CUST365,,Debit Card,2023-07-03,334.89,1,Chicago,Books,Male
ORD1060,CUST133,65.0,Debit Card,2023-05-24,26.88,9,Phoenix,Home,Female
ORD1061,CUST748,37.0,PayPal,2023-05-20,47.0,5,Los Angeles,Home,Female
ORD1062,CUST844,18.0,PayPal,2023-03-09,425.64,1,New York,Home,Female
ORD1063,CUST316,42.0,,2023-01-29,113.43,8,Houston,Books,Female
ORD1064,CUST167,,Credit Card,2023-09-15,130.03,6,Phoenix,Clothing,Male
ORD1065,CUST712,,PayPal,2023-05-31,209.5,5,Los Angeles,Books,Female
ORD1066,CUST625,,Debit Card,2023-02-23,22.08,1,New York,Electronics,Male
ORD1067,CUST925,,Credit Card,2023-08-25,442.57,1,Los Angeles,Electronics,Other
ORD1068,CUST204,,,2023-06-27,278.73,1,Chicago,Beauty,Other
ORD1069,CUST461,38.0,,2023-09-25,65.05,1,Chicago,Electronics,Other
ORD1070,CUST823,,,2023-04-28,378.3,10,Houston,Electronics,Male
ORD1071,CUST140,24.0,Debit Card,2023-03-24,354.13,8,Chicago,Electronics,Male
ORD1072,CUST823,63.0,Credit Card,2023-02-19,69.04,9,Houston,Home,Female
ORD1073,CUST293,25.0,Credit Card,2023-12-27,467.88,4,Phoenix,Books,Female
ORD1074,CUST532,63.0,PayPal,2023-12-13,312.03,4,Phoenix,Home,Female
ORD1075,CUST718,,PayPal,2023-01-11,174.97,5,Phoenix,Books,Other
ORD1076,CUST725,20.0,Debit Card,2023-04-27,218.87,8,Los Angeles,Beauty,Other
ORD1077,CUST828,,Credit Card,2023-10-09,430.14,8,Los Angeles,Electronics,Male
ORD1078,CUST170,22.0,Debit Card,2023-11-04,50.14,10,Los Angeles,Beauty,Male
ORD1079,CUST300,,Debit Card,2023-03-18,336.37,8,New York,Electronics,Female
ORD1080,CUST560,,,2023-04-18,214.66,6,Houston,Clothing,Female
ORD1081,CUST691,,Debit Card,2023-04-18,313.94,8,Phoenix,Home,Male
ORD1082,CUST986,24.0,Debit Card,2023-07-25,236.87,3,Chicago,Electronics,Female
ORD1083,CUST177,33.0,,2023-07-18,282.85,8,Los Angeles,Clothing,Female
ORD1084,CUST424,34.0,,2023-10-03,479.26,7,Houston,Books,Other
ORD1085,CUST729,48.0,Debit Card,2023-10-21,234.27,8,Houston,Beauty,Female
ORD1086,CUST447,,PayPal,2023-02-18,160.73,3,Los Angeles,Clothing,Male
ORD1087,CUST284,34.0,Debit Card,2023-06-25,74.08,8,New York,Home,Other
ORD1088,CUST586,24.0,Debit Card,2023-01-08,240.15,3,Chicago,Beauty,Female
ORD1089,CUST675,48.0,Debit Card,2023-02-25,290.43,5,New York,Home,Female
ORD1090,CUST455,,Debit Card,2023-02-01,493.71,8,New York,Books,Other
ORD1091,CUST948,21.0,PayPal,2023-01-12,426.19,7,Houston,Electronics,Other
ORD1092,CUST369,,,2023-09-09,370.86,9,Houston,Books,Female
ORD1093,CUST525,,,2023-12-18,264.99,4,New York,Home,Female
ORD1094,CUST979,33.0,PayPal,2023-11-03,126.8,5,Houston,Home,Other
ORD1095,CUST380,67.0,Credit Card,2023-10-04,172.17,4,Chicago,Books,Male
ORD1096,CUST633,21.0,Debit Card,2023-05-05,20.03,6,New York,Beauty,Female
ORD1097,CUST715,30.0,Credit Card,2023-04-21,31.75,5,Chicago,Home,Other
ORD1098,CUST492,,PayPal,2023-07-25,314.14,9,Phoenix,Clothing,Female
ORD1099,CUST416,,PayPal,2023-10-31,64.73,5,New York,Electronics,Female
ORD1100,CUST541,,,2023-07-10,382.91,2,New York,Books,Male
ORD1101,CUST154,20.0,Debit Card,2023-07-07,449.95,4,Chicago,Clothing,Other
ORD1102,CUST537,,PayPal,2023-11-22,211.95,8,Houston,Beauty,Male
ORD1103,CUST757,36.0,PayPal,2023-11-04,255.64,2,Los Angeles,Home,Female
ORD1104,CUST735,,Debit Card,2023-08-21,253.61,6,New York,Books,Female
ORD1105,CUST619,69.0,PayPal,2023-12-01,404.66,9,Phoenix,Home,Female
ORD1106,CUST243,60.0,,2023-04-27,10.83,5,Houston,Electronics,Female
ORD1107,CUST895,,Credit Card,2023-09-15,286.98,4,Los Angeles,Beauty,Female
ORD1108,CUST575,,,2023-07-11,182.37,2,Houston,Clothing,Male
ORD1109,CUST844,,,2023-02-23,350.52,1,Chicago,Clothing,Other
ORD1110,CUST545,,Credit Card,2023-09-05,296.95,10,New York,Home,Other
ORD1111,CUST741,53.0,PayPal,2023-11-28,396.93,7,Phoenix,Clothing,Female
ORD1112,CUST421,58.0,Credit Card,2023-12-12,216.65,8,Chicago,Electronics,Male
ORD1113,CUST347,,PayPal,2023-05-18,21.73,3,Los Angeles,Books,Female
ORD1114,CUST218,37.0,Debit Card,2023-12-23,193.29,3,New York,Clothing,Other
ORD1115,CUST161,,,2023-08-12,24.22,1,Los Angeles,Electronics,Other
ORD1116,CUST888,48.0,PayPal,2023-08-10,115.0,3,Los Angeles,Home,Male
ORD1117,CUST353,,PayPal,2023-09-17,67.77,10,New York,Electronics,Other
ORD1118,CUST675,43.0,Credit Card,2023-05-11,267.14,3,Los Angeles,Electronics,Male
ORD1119,CUST999,19.0,Debit Card,2023-03-16,92.96,2,Los Angeles,Home,Other
ORD1120,CUST987,56.0,,2023-08-03,242.61,7,Phoenix,Books,Female
ORD1121,CUST713,,Debit Card,2023-04-18,79.39,6,Phoenix,Beauty,Female
ORD1122,CUST914,52.0,Debit Card,2023-07-12,329.32,4,Los Angeles,Home,Male
ORD1123,CUST292,,,2023-10-28,317.44,4,Houston,Books,Male
ORD1124,CUST556,57.0,PayPal,2023-10-16,369.91,8,New York,Clothing,Female
ORD1125,CUST434,30.0,PayPal,2023-04-04,250.27,1,New York,Electronics,Female
ORD1126,CUST817,31.0,PayPal,2023-10-14,162.6,6,Chicago,Beauty,Other
ORD1127,CUST513,24.0,Debit Card,2023-05-05,457.41,10,Los Angeles,Clothing,Other
ORD1128,CUST252,29.0,,2023-10-13,270.07,7,Chicago,Beauty,Female
ORD1129,CUST611,20.0,PayPal,2023-07-25,304.36,7,Chicago,Beauty,Female
ORD1130,CUST557,58.0,Debit Card,2023-04-26,52.03,4,Houston,Home,Other
ORD1131,CUST802,55.0,Debit Card,2023-04-03,102.47,1,Chicago,Electronics,Female
ORD1132,CUST545,,,2023-08-20,197.44,3,Los Angeles,Beauty,Male
ORD1133,CUST293,25.0,,2023-09-27,288.03,4,Los Angeles,Electronics,Male
ORD1134,CUST757,,,2023-06-12,298.26,8,Phoenix,Books,Other
ORD1135,CUST295,63.0,PayPal,2023-12-15,141.77,3,Phoenix,Home,Male
ORD1136,CUST811,40.0,PayPal,2023-03-30,202.1,2,Houston,Beauty,Male
ORD1137,CUST938,,,2023-05-31,491.76,10,Los Angeles,Electronics,Other
ORD1138,CUST826,44.0,Debit Card,2023-01-13,94.89,3,Chicago,Beauty,Male
ORD1139,CUST171,,Credit Card,2023-03-06,192.06,1,Los Angeles,Books,Female
ORD1140,CUST261,,Credit Card,2023-05-03,285.63,2,Houston,Beauty,Other
ORD1141,CUST193,28.0,,2023-05-25,314.91,6,Chicago,Books,Female
ORD1142,CUST747,,Credit Card,2023-01-03,46.43,2,New York,Electronics,Male
ORD1143,CUST635,18.0,Credit Card,2023-03-25,104.27,7,Phoenix,Electronics,Female
ORD1144,CUST732,,Debit Card,2023-04-21,250.4,3,Los Angeles,Electronics,Male
ORD1145,CUST628,,Credit Card,2023-01-31,312.2,3,Los Angeles,Books,Female
ORD1146,CUST566,,PayPal,2023-04-19,146.97,1,Houston,Electronics,Male
ORD1147,CUST248,27.0,Debit Card,2023-03-08,22.77,10,Los Angeles,Beauty,Other
ORD1148,CUST598,44.0,PayPal,2023-04-15,112.19,5,Houston,Clothing,Other
ORD1149,CUST813,,Debit Card,2023-01-15,465.41,5,New York,Home,Other
ORD1150,CUST321,,Debit Card,2023-04-18,298.97,7,New York,Home,Other
ORD1151,CUST594,32.0,PayPal,2023-04-19,456.52,4,Chicago,Home,Other
ORD1152,CUST264,,PayPal,2023-12-18,60.62,3,Los Angeles,Clothing,Female
ORD1153,CUST119,44.0,PayPal,2023-05-04,315.16,6,Los Angeles,Electronics,Other
ORD1154,CUST669,,Credit Card,2023-12-02,125.71,3,Phoenix,Electronics,Male
ORD1155,CUST972,,Credit Card,2023-01-11,212.02,8,Houston,Electronics,Other
ORD1156,CUST524,,,2023-01-05,277.43,5,Chicago,Books,Male
ORD1157,CUST211,21.0,Debit Card,2023-06-18,457.15,3,Los Angeles,Clothing,Other
ORD1158,CUST825,22.0,Debit Card,2023-09-30,233.39,9,Chicago,Electronics,Other
ORD1159,CUST176,21.0,,2023-10-28,493.16,9,Houston,Home,Male
ORD1160,CUST661,61.0,,2023-01-13,105.22,8,New York,Beauty,Male
ORD1161,CUST861,52.0,,2023-11-02,153.35,10,New York,Books,Female
ORD1162,CUST302,,Debit Card,2023-11-19,318.45,4,Houston,Books,Other
ORD1163,CUST674,52.0,PayPal,2023-10-15,480.17,4,New York,Home,Male
ORD1164,CUST461,,Debit Card,2023-05-20,34.28,7,Los Angeles,Clothing,Other
ORD1165,CUST636,66.0,,2023-12-21,92.23,8,New York,Books,Female
ORD1166,CUST696,24.0,PayPal,2023-06-29,426.92,9,New York,Electronics,Female
ORD1167,CUST597,58.0,,2023-09-05,22.8,5,Los Angeles,Electronics,Other
ORD1168,CUST880,,Debit Card,2023-05-28,132.8,5,Phoenix,Beauty,Female
ORD1169,CUST160,63.0,Credit Card,2023-05-29,265.15,10,Houston,Clothing,Other
ORD1170,CUST256,47.0,,2023-05-05,260.94,2,Phoenix,Electronics,Female
ORD1171,CUST388,27.0,Debit Card,2023-04-10,378.89,10,Houston,Beauty,Female
ORD1172,CUST613,,PayPal,2023-05-12,261.04,1,Phoenix,Books,Female
ORD1173,CUST715,35.0,PayPal,2023-10-24,64.15,6,Chicago,Clothing,Male
ORD1174,CUST166,,PayPal,2023-11-01,123.39,4,Phoenix,Electronics,Female
ORD1175,CUST246,,Debit Card,2023-08-17,124.88,9,Houston,Home,Female
ORD1176,CUST239,,,2023-09-03,370.86,1,Houston,Electronics,Female
ORD1177,CUST610,,PayPal,2023-10-31,282.92,3,Phoenix,Books,Female
ORD1178,CUST910,,Credit Card,2023-02-26,489.57,7,Phoenix,Electronics,Female
ORD1179,CUST836,60.0,,2023-08-25,428.32,7,Chicago,Clothing,Male
ORD1180,CUST403,38.0,,2023-03-17,92.24,1,Los Angeles,Clothing,Female
ORD1181,CUST418,31.0,PayPal,2023-09-25,273.08,1,New York,Clothing,Female
ORD1182,CUST546,44.0,Debit Card,2023-06-02,354.72,7,Houston,Home,Male
ORD1183,CUST823,,,2023-12-31,111.33,5,Chicago,Beauty,Female
ORD1184,CUST200,,Credit Card,2023-06-02,313.91,1,Chicago,Books,Female
ORD1185,CUST443,59.0,,2023-02-25,127.48,9,Chicago,Electronics,Male
ORD1186,CUST865,,Debit Card,2023-02-23,398.57,6,Houston,Books,Female
ORD1187,CUST643,35.0,PayPal,2023-08-05,106.67,3,Houston,Home,Other
ORD1188,CUST912,,Credit Card,2023-08-30,479.07,2,New York,Books,Male
ORD1189,CUST260,,Debit Card,2023-02-22,302.02,8,Houston,Beauty,Female
ORD1190,CUST145,35.0,Debit Card,2023-04-14,150.57,9,Houston,Beauty,Male
ORD1191,CUST938,,Credit Card,2023-06-28,71.74,4,Houston,Clothing,Male
ORD1192,CUST454,,,2023-04-05,295.08,7,New York,Home,Female
ORD1193,CUST496,,PayPal,2023-01-08,375.39,3,Los Angeles,Books,Male
ORD1194,CUST546,,Debit Card,2023-04-04,13.68,10,Houston,Clothing,Other
ORD1195,CUST550,,PayPal,2023-05-11,269.17,7,New York,Beauty,Other
ORD1196,CUST531,,,2023-03-23,243.89,4,Houston,Books,Male
ORD1197,CUST436,68.0,Credit Card,2023-03-17,93.72,2,Chicago,Electronics,Other
ORD1198,CUST934,,Credit Card,2023-12-22,181.13,6,Chicago,Home,Male
ORD1199,CUST366,41.0,Credit Card,2023-07-11,380.81,9,Los Angeles,Books,Male
ORD1200,CUST304,,Debit Card,2023-03-19,183.21,5,Phoenix,Beauty,Male
ORD1201,CUST348,,,2023-02-05,397.15,3,New York,Books,Male
ORD1202,CUST675,,PayPal,2023-01-12,115.76,4,Houston,Clothing,Male
ORD1203,CUST839,,Debit Card,2023-10-21,371.09,5,Houston,Books,Female
ORD1204,CUST712,,PayPal,2023-09-11,324.57,6,Houston,Beauty,Male
ORD1205,CUST972,22.0,PayPal,2023-07-29,56.77,8,Chicago,Home,Female
ORD1206,CUST130,67.0,PayPal,2023-11-17,302.76,2,Houston,Home,Other
ORD1207,CUST355,,PayPal,2023-01-19,457.43,6,Phoenix,Beauty,Other
ORD1208,CUST246,,Credit Card,2023-11-16,234.26,5,Houston,Electronics,Other
ORD1209,CUST572,,Credit Card,2023-01-28,311.97,6,Los Angeles,Home,Other
ORD1210,CUST760,,Credit Card,2023-09-14,25.74,10,Chicago,Electronics,Female
ORD1211,CUST166,55.0,Credit Card,2023-01-18,121.52,8,Phoenix,Clothing,Other
ORD1212,CUST247,,,2023-12-05,151.57,3,New York,Beauty,Female
ORD1213,CUST693,42.0,Debit Card,2023-08-06,142.83,6,Chicago,Beauty,Other
ORD1214,CUST699,,Credit Card,2023-11-17,368.42,3,Los Angeles,Clothing,Other
ORD1215,CUST789,49.0,PayPal,2023-04-23,489.07,6,New York,Home,Female
ORD1216,CUST529,66.0,,2023-08-11,240.33,5,Phoenix,Beauty,Female
ORD1217,CUST679,,PayPal,2023-10-06,408.49,5,Los Angeles,Books,Female
ORD1218,CUST408,49.0,PayPal,2023-02-03,131.95,7,Houston,Beauty,Other
ORD1219,CUST938,56.0,Credit Card,2023-05-14,112.59,6,New York,Beauty,Other
ORD1220,CUST325,68.0,PayPal,2023-04-02,84.28,5,Chicago,Beauty,Female
ORD1221,CUST545,,Debit Card,2023-01-23,300.39,8,Houston,Electronics,Other
ORD1222,CUST664,41.0,Credit Card,2023-12-08,129.85,8,Chicago,Beauty,Male
ORD1223,CUST168,,Credit Card,2023-08-28,375.7,1,New York,Clothing,Other
ORD1224,CUST435,29.0,Debit Card,2023-01-28,143.77,1,Phoenix,Home,Male
ORD1225,CUST727,60.0,PayPal,2023-11-26,352.11,9,Phoenix,Home,Male
ORD1226,CUST402,,PayPal,2023-11-01,78.8,3,Chicago,Beauty,Male
ORD1227,CUST637,68.0,Debit Card,2023-05-13,318.66,10,Houston,Home,Male
ORD1228,CUST825,,Debit Card,2023-09-17,332.85,8,Los Angeles,Home,Female
ORD1229,CUST903,34.0,PayPal,2023-11-18,448.53,5,Chicago,Beauty,Male
ORD1230,CUST637,18.0,PayPal,2023-09-28,104.88,8,New York,Clothing,Female
ORD1231,CUST189,63.0,,2023-04-11,383.86,7,Houston,Clothing,Other
ORD1232,CUST816,,Debit Card,2023-09-18,202.63,1,Houston,Electronics,Other
ORD1233,CUST414,,Credit Card,2023-04-08,86.25,9,New York,Books,Male
ORD1234,CUST873,,,2023-03-28,139.96,1,Chicago,Home,Male
ORD1235,CUST321,34.0,PayPal,2023-03-18,449.23,6,Houston,Clothing,Other
ORD1236,CUST522,,PayPal,2023-07-18,393.1,9,Houston,Books,Other
ORD1237,CUST521,52.0,Credit Card,2023-05-12,442.59,1,Houston,Clothing,Other
ORD1238,CUST489,,Credit Card,2023-01-14,339.16,2,Chicago,Electronics,Female
ORD1239,CUST923,62.0,Debit Card,2023-09-29,267.86,8,Chicago,Home,Female
ORD1240,CUST606,,Credit Card,2023-03-16,254.11,6,Chicago,Books,Male
ORD1241,CUST306,39.0,Debit Card,2023-03-23,172.0,9,Los Angeles,Home,Male
ORD1242,CUST971,57.0,PayPal,2023-02-03,241.02,2,Phoenix,Electronics,Female
ORD1243,CUST140,,,2023-06-27,213.39,3,Phoenix,Books,Female
ORD1244,CUST252,,,2023-03-18,267.28,1,Phoenix,Clothing,Female
ORD1245,CUST848,,,2023-10-01,11.03,10,New York,Beauty,Female
ORD1246,CUST317,,Credit Card,2023-06-18,130.09,10,Phoenix,Electronics,Other
ORD1247,CUST250,38.0,,2023-01-14,220.13,4,Houston,Home,Female
ORD1248,CUST696,,Debit Card,2023-03-21,138.02,4,Houston,Clothing,Other
ORD1249,CUST725,65.0,,2023-11-13,331.03,9,New York,Clothing,Male
ORD1250,CUST902,36.0,Credit Card,2023-08-03,353.83,3,Phoenix,Electronics,Male
ORD1251,CUST545,40.0,Debit Card,2023-11-29,309.64,8,Phoenix,Electronics,Male
ORD1252,CUST346,56.0,,2023-10-18,350.54,10,Los Angeles,Books,Male
ORD1253,CUST870,62.0,,2023-02-24,441.01,6,Chicago,Electronics,Other
ORD1254,CUST845,,Debit Card,2023-02-23,126.22,2,Houston,Clothing,Other
ORD1255,CUST539,,,2023-03-29,345.3,6,Los Angeles,Electronics,Female
ORD1256,CUST401,,PayPal,2023-03-25,436.93,9,New York,Beauty,Other
ORD1257,CUST905,,Debit Card,2023-08-18,217.71,1,Houston,Home,Other
ORD1258,CUST986,70.0,Debit Card,2023-09-11,485.03,10,New York,Clothing,Male
ORD1259,CUST642,,PayPal,2023-02-09,188.79,1,New York,Books,Other
ORD1260,CUST669,,,2023-02-10,432.48,9,Phoenix,Books,Male
ORD1261,CUST321,50.0,PayPal,2023-12-18,171.12,8,New York,Electronics,Female
ORD1262,CUST681,51.0,PayPal,2023-05-28,433.72,6,Los Angeles,Home,Male
ORD1263,CUST382,42.0,Debit Card,2023-03-07,211.08,4,Chicago,Books,Male
ORD1264,CUST363,54.0,PayPal,2023-02-17,160.95,7,Los Angeles,Clothing,Other
ORD1265,CUST404,46.0,Credit Card,2023-07-12,389.94,4,Los Angeles,Clothing,Male
ORD1266,CUST566,54.0,Credit Card,2023-01-20,428.44,5,Houston,Clothing,Female
ORD1267,CUST783,19.0,PayPal,2023-06-14,243.18,4,New York,Home,Female
ORD1268,CUST805,,,2023-08-14,401.79,2,New York,Books,Female
ORD1269,CUST196,,Debit Card,2023-03-29,158.57,8,Houston,Books,Female
ORD1270,CUST718,,Credit Card,2023-05-07,425.28,4,New York,Beauty,Female
ORD1271,CUST785,,Debit Card,2023-05-11,159.54,8,Houston,Electronics,Female
ORD1272,CUST186,,Debit Card,2023-09-18,304.98,4,Phoenix,Beauty,Male
ORD1273,CUST853,,Debit Card,2023-08-09,413.18,9,Phoenix,Beauty,Male
ORD1274,CUST508,,Debit Card,2023-09-02,332.1,5,Phoenix,Books,Other
ORD1275,CUST175,26.0,,2023-05-22,418.13,4,Houston,Books,Male
ORD1276,CUST993,58.0,Credit Card,2023-04-06,95.47,6,Houston,Beauty,Male
ORD1277,CUST470,,Credit Card,2023-08-10,423.94,1,Phoenix,Electronics,Other
ORD1278,CUST364,,PayPal,2023-11-20,214.72,1,Chicago,Books,Other
ORD1279,CUST367,,Debit Card,2023-07-02,259.44,8,Los Angeles,Clothing,Male
ORD1280,CUST909,,Debit Card,2023-09-14,321.75,9,New York,Electronics,Male
ORD1281,CUST220,,PayPal,2023-11-22,153.05,7,Phoenix,Books,Male
ORD1282,CUST498,56.0,Credit Card,2023-02-28,264.93,9,Chicago,Electronics,Female
ORD1283,CUST753,,,2023-06-23,115.73,3,Phoenix,Home,Male
ORD1284,CUST181,68.0,Debit Card,2023-02-22,422.65,1,Los Angeles,Home,Male
ORD1285,CUST484,51.0,Credit Card,2023-02-04,94.04,1,Phoenix,Home,Other
ORD1286,CUST428,,Debit Card,2023-03-23,279.09,5,Chicago,Home,Male
ORD1287,CUST662,69.0,Credit Card,2023-10-17,184.65,4,Chicago,Beauty,Female
ORD1288,CUST689,36.0,Debit Card,2023-01-05,363.75,6,Phoenix,Home,Female
ORD1289,CUST966,62.0,Credit Card,2023-12-11,87.11,8,Los Angeles,Clothing,Other
ORD1290,CUST119,,Debit Card,2023-10-11,264.91,10,Phoenix,Electronics,Female
ORD1291,CUST446,,,2023-08-31,153.28,7,Los Angeles,Clothing,Other
ORD1292,CUST997,,PayPal,2023-06-06,407.34,1,Chicago,Electronics,Male
ORD1293,CUST234,,,2023-06-12,468.22,1,Phoenix,Electronics,Male
ORD1294,CUST485,52.0,Credit Card,2023-04-07,93.83,6,Chicago,Clothing,Female
ORD1295,CUST864,,Debit Card,2023-06-13,348.39,4,Los Angeles,Clothing,Male
ORD1296,CUST332,,PayPal,2023-07-07,57.72,2,Phoenix,Books,Other
ORD1297,CUST507,,Credit Card,2023-01-18,428.91,8,New York,Beauty,Male
ORD1298,CUST502,26.0,Credit Card,2023-06-19,254.68,5,Phoenix,Beauty,Male
ORD1299,CUST835,58.0,Debit Card,2023-12-09,487.37,10,Los Angeles,Beauty,Female
ORD1300,CUST204,67.0,,2023-10-08,489.63,10,Los Angeles,Clothing,Other
ORD1301,CUST451,,,2023-09-30,456.1,7,Houston,Clothing,Female
ORD1302,CUST741,,Debit Card,2023-06-04,369.21,7,Phoenix,Home,Male
ORD1303,CUST121,,,2023-11-25,210.13,4,Los Angeles,Home,Male
ORD1304,CUST476,,Debit Card,2023-10-13,231.14,4,Phoenix,Clothing,Other
ORD1305,CUST570,,PayPal,2023-08-27,142.1,7,New York,Beauty,Other
ORD1306,CUST348,25.0,Credit Card,2023-03-29,385.8,8,Houston,Books,Female
ORD1307,CUST777,,Debit Card,2023-03-20,488.68,2,Chicago,Books,Male
ORD1308,CUST946,,Debit Card,2023-07-07,35.3,8,Los Angeles,Home,Female
ORD1309,CUST806,55.0,PayPal,2023-04-12,267.99,2,Phoenix,Books,Male
ORD1310,CUST427,,,2023-04-28,39.15,6,New York,Books,Male
ORD1311,CUST736,,Debit Card,2023-06-21,301.34,8,Phoenix,Electronics,Other
ORD1312,CUST187,59.0,PayPal,2023-09-13,126.88,9,Houston,Home,Male
ORD1313,CUST944,,Credit Card,2023-08-22,405.03,2,Los Angeles,Home,Female
ORD1314,CUST135,,PayPal,2023-10-22,213.26,2,Phoenix,Home,Female
ORD1315,CUST962,,Debit Card,2023-04-02,261.75,7,Los Angeles,Beauty,Other
ORD1316,CUST915,38.0,Credit Card,2023-05-11,425.68,6,Los Angeles,Books,Other
ORD1317,CUST865,,Debit Card,2023-11-05,436.69,9,Los Angeles,Beauty,Male
ORD1318,CUST762,,,2023-07-22,199.41,10,Phoenix,Home,Male
ORD1319,CUST226,,Debit Card,2023-03-22,25.73,10,Los Angeles,Books,Female
ORD1320,CUST251,53.0,Debit Card,2023-05-10,93.46,7,Los Angeles,Electronics,Other
ORD1321,CUST340,24.0,Credit Card,2023-12-06,411.0,6,New York,Electronics,Other
ORD1322,CUST564,66.0,,2023-10-05,284.84,1,Los Angeles,Beauty,Female
ORD1323,CUST994,57.0,PayPal,2023-07-07,466.45,9,Houston,Home,Male
ORD1324,CUST546,65.0,PayPal,2023-10-13,21.31,9,Los Angeles,Home,Other
ORD1325,CUST286,,,2023-03-15,416.01,8,Los Angeles,Home,Other
ORD1326,CUST872,24.0,Credit Card,2023-11-22,69.11,9,Houston,Clothing,Other
ORD1327,CUST879,,,2023-07-21,490.58,4,New York,Beauty,Male
ORD1328,CUST888,,Credit Card,2023-05-16,308.32,2,Los Angeles,Clothing,Male
ORD1329,CUST643,53.0,Credit Card,2023-10-28,440.39,3,New York,Electronics,Other
ORD1330,CUST883,46.0,PayPal,2023-05-22,145.56,6,Houston,Beauty,Other
ORD1331,CUST341,62.0,Debit Card,2023-01-22,416.86,9,Houston,Clothing,Female
ORD1332,CUST908,45.0,PayPal,2023-11-06,442.35,5,Los Angeles,Books,Other
ORD1333,CUST495,,,2023-06-06,129.25,3,New York,Beauty,Other
ORD1334,CUST258,49.0,PayPal,2023-03-26,315.29,3,Chicago,Home,Female
ORD1335,CUST511,47.0,PayPal,2023-01-06,152.48,3,Houston,Clothing,Male
ORD1336,CUST414,,Debit Card,2023-04-19,306.77,7,Los Angeles,Clothing,Other
ORD1337,CUST292,61.0,PayPal,2023-10-10,189.88,4,New York,Books,Female
ORD1338,CUST361,,,2023-12-03,290.02,9,Los Angeles,Home,Other
ORD1339,CUST109,,,2023-03-17,76.58,4,Chicago,Beauty,Female
ORD1340,CUST467,,Debit Card,2023-02-17,426.04,4,New York,Home,Female
ORD1341,CUST491,68.0,Credit Card,2023-01-17,81.57,9,Phoenix,Beauty,Male
ORD1342,CUST972,,Credit Card,2023-07-09,374.9,6,Houston,Books,Female
ORD1343,CUST815,35.0,Credit Card,2023-11-27,75.78,9,Phoenix,Beauty,Other
ORD1344,CUST336,,,2023-09-12,242.78,9,Chicago,Home,Other
ORD1345,CUST104,,,2023-10-18,246.21,6,Houston,Beauty,Male
ORD1346,CUST594,,Credit Card,2023-12-15,171.78,10,Phoenix,Electronics,Other
ORD1347,CUST346,,Credit Card,2023-02-19,398.59,5,Chicago,Home,Female
ORD1348,CUST337,35.0,PayPal,2023-05-06,163.36,4,Chicago,Clothing,Male
ORD1349,CUST663,,PayPal,2023-11-01,64.17,9,Los Angeles,Books,Male
ORD1350,CUST202,,,2023-09-27,44.83,6,Chicago,Books,Male
ORD1351,CUST373,,Debit Card,2023-09-15,168.83,4,Los Angeles,Home,Other
ORD1352,CUST336,,PayPal,2023-07-12,249.59,4,Chicago,Home,Male
ORD1353,CUST438,,Credit Card,2023-03-07,23.07,2,Los Angeles,Electronics,Female
ORD1354,CUST660,18.0,Credit Card,2023-07-21,382.03,5,New York,Clothing,Other
ORD1355,CUST478,41.0,,2023-09-09,24.02,4,Chicago,Beauty,Other
ORD1356,CUST874,,Credit Card,2023-06-27,491.7,2,Los Angeles,Beauty,Other
ORD1357,CUST781,22.0,,2023-05-21,162.24,5,Phoenix,Electronics,Male
ORD1358,CUST517,54.0,Debit Card,2023-12-17,497.94,6,Houston,Home,Other
ORD1359,CUST297,,Debit Card,2023-08-30,183.82,10,Phoenix,Beauty,Female
ORD1360,CUST832,,Debit Card,2023-05-30,488.47,1,Chicago,Books,Female
ORD1361,CUST682,61.0,Credit Card,2023-10-05,232.74,5,Los Angeles,Clothing,Other
ORD1362,CUST953,24.0,Credit Card,2023-07-08,414.03,1,New York,Beauty,Other
ORD1363,CUST796,26.0,Credit Card,2023-09-04,115.3,5,Phoenix,Electronics,Other
ORD1364,CUST315,63.0,PayPal,2023-06-27,348.71,8,Houston,Books,Other
ORD1365,CUST143,44.0,PayPal,2023-01-31,421.25,2,Houston,Clothing,Other
ORD1366,CUST338,34.0,Credit Card,2023-06-08,403.54,5,Los Angeles,Electronics,Female
ORD1367,CUST217,,PayPal,2023-04-30,429.12,4,Chicago,Electronics,Other
ORD1368,CUST613,20.0,Credit Card,2023-06-25,199.78,10,Chicago,Home,Other
ORD1369,CUST499,,PayPal,2023-05-01,377.96,10,Houston,Home,Female
ORD1370,CUST965,,Credit Card,2023-11-24,455.91,3,Phoenix,Electronics,Other
ORD1371,CUST663,,Credit Card,2023-06-30,140.61,1,Houston,Electronics,Other
ORD1372,CUST241,,Debit Card,2023-06-23,229.99,6,New York,Beauty,Male
ORD1373,CUST107,46.0,Debit Card,2023-04-06,357.24,3,Phoenix,Beauty,Male
ORD1374,CUST983,40.0,Credit Card,2023-02-20,412.56,5,Phoenix,Beauty,Female
ORD1375,CUST808,43.0,Debit Card,2023-07-19,415.02,3,Phoenix,Clothing,Female
ORD1376,CUST297,30.0,PayPal,2023-10-10,434.07,7,Phoenix,Clothing,Female
ORD1377,CUST309,39.0,Debit Card,2023-03-20,28.18,4,Phoenix,Beauty,Other
ORD1378,CUST393,40.0,PayPal,2023-12-22,84.35,8,Chicago,Beauty,Other
ORD1379,CUST416,,PayPal,2023-09-11,461.67,8,New York,Clothing,Male
ORD1380,CUST177,,,2023-02-01,60.79,2,Los Angeles,Electronics,Female
ORD1381,CUST230,26.0,Credit Card,2023-07-16,292.17,3,Phoenix,Books,Female
ORD1382,CUST978,66.0,,2023-10-16,131.53,3,Chicago,Electronics,Female
ORD1383,CUST137,,Credit Card,2023-11-23,392.22,8,Chicago,Clothing,Other
ORD1384,CUST132,,PayPal,2023-03-22,207.87,10,Los Angeles,Clothing,Female
ORD1385,CUST351,31.0,PayPal,2023-03-16,180.0,3,Chicago,Books,Other
ORD1386,CUST456,42.0,,2023-06-14,320.18,4,New York,Electronics,Other
ORD1387,CUST470,,,2023-11-15,314.23,8,Los Angeles,Clothing,Male
ORD1388,CUST681,,Debit Card,2023-01-17,187.11,6,Phoenix,Beauty,Male
ORD1389,CUST541,60.0,Credit Card,2023-01-06,355.7,5,New York,Beauty,Male
ORD1390,CUST821,,Credit Card,2023-01-05,328.44,4,Los Angeles,Books,Male
ORD1391,CUST973,54.0,Debit Card,2023-11-02,139.92,6,Houston,Electronics,Female
ORD1392,CUST812,,Credit Card,2023-05-30,489.67,10,Houston,Electronics,Male
ORD1393,CUST308,43.0,,2023-08-16,276.12,1,Chicago,Beauty,Other
ORD1394,CUST259,,PayPal,2023-11-28,167.52,5,New York,Clothing,Other
ORD1395,CUST113,44.0,,2023-12-13,355.48,2,Houston,Electronics,Other
ORD1396,CUST501,43.0,PayPal,2023-07-03,386.27,1,Phoenix,Beauty,Male
ORD1397,CUST734,61.0,Credit Card,2023-01-12,197.09,4,New York,Home,Female
ORD1398,CUST444,49.0,PayPal,2023-03-25,16.62,5,New York,Beauty,Other
ORD1399,CUST495,59.0,Credit Card,2023-08-13,25.4,4,Houston,Beauty,Female
ORD1400,CUST448,51.0,Credit Card,2023-06-03,340.58,6,Houston,Books,Male
ORD1401,CUST456,67.0,PayPal,2023-08-10,194.57,5,Houston,Electronics,Female
ORD1402,CUST174,,,2023-11-09,221.86,10,Houston,Beauty,Male
ORD1403,CUST938,18.0,Credit Card,2023-11-21,388.61,8,Houston,Clothing,Other
ORD1404,CUST354,,,2023-07-05,409.2,10,Houston,Electronics,Other
ORD1405,CUST123,,PayPal,2023-06-01,475.37,2,Phoenix,Home,Other
ORD1406,CUST895,,Debit Card,2023-02-14,51.94,6,Phoenix,Clothing,Male
ORD1407,CUST180,,Credit Card,2023-10-02,313.23,7,Phoenix,Home,Other
ORD1408,CUST142,,Debit Card,2023-01-13,298.54,8,Houston,Electronics,Other
ORD1409,CUST252,64.0,Debit Card,2023-06-26,264.53,9,Los Angeles,Books,Female
ORD1410,CUST210,,Debit Card,2023-12-19,488.25,3,Phoenix,Beauty,Male
ORD1411,CUST684,,Debit Card,2023-01-01,256.17,9,Los Angeles,Home,Other
ORD1412,CUST299,44.0,Debit Card,2023-06-05,460.3,1,Los Angeles,Beauty,Other
ORD1413,CUST138,41.0,PayPal,2023-01-07,167.24,8,Chicago,Clothing,Female
ORD1414,CUST928,,,2023-07-20,258.79,6,Los Angeles,Books,Male
ORD1415,CUST972,,Debit Card,2023-10-22,128.57,8,Houston,Beauty,Other
ORD1416,CUST560,27.0,PayPal,2023-01-18,290.6,9,Chicago,Electronics,Male
ORD1417,CUST992,24.0,PayPal,2023-07-29,97.51,1,Phoenix,Books,Male
ORD1418,CUST858,,Credit Card,2023-12-17,82.12,6,Houston,Home,Male
ORD1419,CUST961,,,2023-05-07,309.35,7,Houston,Electronics,Female
ORD1420,CUST940,,,2023-10-13,50.78,2,New York,Beauty,Other
ORD1421,CUST927,,Debit Card,2023-12-06,289.45,8,New York,Home,Female
ORD1422,CUST796,,,2023-03-12,368.02,8,Los Angeles,Books,Female
ORD1423,CUST328,60.0,Credit Card,2023-11-24,104.62,5,Chicago,Electronics,Other
ORD1424,CUST521,,Debit Card,2023-10-10,245.23,3,Chicago,Electronics,Male
ORD1425,CUST452,63.0,PayPal,2023-02-03,278.49,2,Phoenix,Clothing,Female
ORD1426,CUST428,49.0,Credit Card,2023-11-02,71.89,8,Los Angeles,Clothing,Female
ORD1427,CUST306,,PayPal,2023-09-23,333.9,3,Houston,Clothing,Other
ORD1428,CUST383,63.0,Credit Card,2023-09-06,191.48,3,Los Angeles,Clothing,Female
ORD1429,CUST458,30.0,Debit Card,2023-08-14,446.25,9,Phoenix,Clothing,Female
ORD1430,CUST906,,,2023-03-08,388.57,4,Los Angeles,Beauty,Female
ORD1431,CUST923,,,2023-02-03,389.67,3,New York,Home,Female
ORD1432,CUST654,,Debit Card,2023-12-31,150.77,8,Houston,Books,Female
ORD1433,CUST349,,,2023-08-20,247.5,2,Los Angeles,Clothing,Other
ORD1434,CUST519,,PayPal,2023-03-31,188.96,10,New York,Home,Female
ORD1435,CUST851,49.0,Credit Card,2023-01-12,187.02,7,Houston,Clothing,Male
ORD1436,CUST805,,PayPal,2023-03-31,37.51,7,Houston,Clothing,Other
ORD1437,CUST832,,Credit Card,2023-12-01,229.68,7,Phoenix,Home,Other
ORD1438,CUST669,29.0,,2023-03-31,286.69,5,Phoenix,Electronics,Other
ORD1439,CUST919,,Credit Card,2023-01-10,258.47,6,Phoenix,Books,Male
ORD1440,CUST596,67.0,PayPal,2023-03-30,49.3,6,New York,Home,Female
ORD1441,CUST918,20.0,Debit Card,2023-09-13,46.0,6,Houston,Books,Male
ORD1442,CUST361,,,2023-05-22,94.18,1,Chicago,Home,Other
ORD1443,CUST532,,Debit Card,2023-11-26,466.62,1,Los Angeles,Clothing,Female
ORD1444,CUST290,,PayPal,2023-12-17,158.37,5,Phoenix,Beauty,Male
ORD1445,CUST228,31.0,Credit Card,2023-05-30,227.46,6,Phoenix,Books,Female
ORD1446,CUST123,,,2023-01-18,256.92,1,Los Angeles,Beauty,Female
ORD1447,CUST490,33.0,,2023-02-22,230.84,5,New York,Beauty,Female
ORD1448,CUST725,,Debit Card,2023-07-13,322.7,9,Phoenix,Books,Female
ORD1449,CUST363,,PayPal,2023-04-15,293.81,6,Houston,Books,Other
ORD1450,CUST748,,Credit Card,2023-01-07,213.56,3,Chicago,Home,Female
ORD1451,CUST548,34.0,,2023-02-27,15.03,4,Los Angeles,Home,Male
ORD1452,CUST355,,Credit Card,2023-04-11,366.07,10,Los Angeles,Clothing,Male
ORD1453,CUST279,,Credit Card,2023-06-22,484.13,10,Chicago,Electronics,Male
ORD1454,CUST664,,Debit Card,2023-11-26,96.47,2,Chicago,Clothing,Male
ORD1455,CUST336,,Debit Card,2023-06-04,158.9,9,Phoenix,Clothing,Other
ORD1456,CUST741,31.0,Debit Card,2023-07-27,171.59,7,New York,Books,Other
ORD1457,CUST553,52.0,,2023-05-15,397.56,6,Los Angeles,Books,Female
ORD1458,CUST618,44.0,Credit Card,2023-05-21,70.9,2,New York,Electronics,Male
ORD1459,CUST167,,Debit Card,2023-10-05,27.35,3,New York,Clothing,Male
ORD1460,CUST112,22.0,,2023-07-01,415.95,1,Phoenix,Books,Male
ORD1461,CUST561,43.0,Debit Card,2023-11-14,14.96,10,New York,Clothing,Male
ORD1462,CUST403,48.0,Credit Card,2023-06-28,296.95,2,Phoenix,Books,Male
ORD1463,CUST239,24.0,PayPal,2023-05-20,65.34,7,Chicago,Electronics,Female
ORD1464,CUST195,55.0,,2023-05-11,465.21,9,Los Angeles,Clothing,Male
ORD1465,CUST724,,Credit Card,2023-03-28,456.2,1,New York,Clothing,Female
ORD1466,CUST438,47.0,Debit Card,2023-09-29,477.26,4,Los Angeles,Beauty,Male
ORD1467,CUST274,67.0,PayPal,2023-03-29,142.77,10,Phoenix,Books,Other
ORD1468,CUST603,,PayPal,2023-11-01,66.39,4,Houston,Clothing,Female
ORD1469,CUST925,,Credit Card,2023-11-27,440.38,5,Chicago,Electronics,Other
ORD1470,CUST456,,Debit Card,2023-01-01,483.26,2,Phoenix,Electronics,Female
ORD1471,CUST306,60.0,Credit Card,2023-01-23,127.57,8,Los Angeles,Books,Other
ORD1472,CUST924,43.0,Debit Card,2023-02-11,134.58,6,New York,Electronics,Male
ORD1473,CUST623,,Debit Card,2023-01-30,434.78,10,Phoenix,Clothing,Male
ORD1474,CUST165,57.0,Credit Card,2023-09-21,329.33,7,New York,Home,Male
ORD1475,CUST141,,,2023-05-17,361.98,3,Houston,Beauty,Female
ORD1476,CUST345,30.0,Credit Card,2023-02-24,324.63,3,Chicago,Home,Female
ORD1477,CUST843,50.0,Credit Card,2023-01-15,484.88,5,Phoenix,Electronics,Male
ORD1478,CUST395,21.0,,2023-07-05,424.73,6,Phoenix,Beauty,Female
ORD1479,CUST527,25.0,Debit Card,2023-06-11,13.29,2,New York,Books,Female
ORD1480,CUST430,22.0,Credit Card,2023-12-20,462.75,9,Phoenix,Home,Male
ORD1481,CUST725,69.0,PayPal,2023-05-27,52.08,7,Chicago,Home,Other
ORD1482,CUST401,70.0,Credit Card,2023-09-23,298.66,3,Chicago,Books,Female
ORD1483,CUST357,39.0,Credit Card,2023-05-30,440.07,6,Phoenix,Beauty,Other
ORD1484,CUST403,,,2023-07-05,236.91,10,Houston,Beauty,Female
ORD1485,CUST885,,Debit Card,2023-02-10,147.99,1,Los Angeles,Electronics,Female
ORD1486,CUST398,,PayPal,2023-06-18,329.48,3,Phoenix,Books,Female
ORD1487,CUST184,,PayPal,2023-10-29,406.93,4,New York,Beauty,Female
ORD1488,CUST999,,PayPal,2023-11-22,70.72,4,Houston,Books,Other
ORD1489,CUST746,,Debit Card,2023-10-23,259.23,8,Los Angeles,Home,Other
ORD1490,CUST851,,PayPal,2023-11-05,81.28,5,Phoenix,Home,Female
ORD1491,CUST568,52.0,Debit Card,2023-06-13,287.23,5,New York,Electronics,Female
ORD1492,CUST138,,Debit Card,2023-06-15,456.91,10,Chicago,Beauty,Other
ORD1493,CUST917,31.0,Debit Card,2023-12-29,218.94,7,New York,Books,Other
ORD1494,CUST917,,Credit Card,2023-06-15,18.42,9,New York,Electronics,Female
ORD1495,CUST900,67.0,Credit Card,2023-05-18,478.98,6,Los Angeles,Home,Female
ORD1496,CUST358,,Credit Card,2023-01-22,19.94,1,Phoenix,Electronics,Other
ORD1497,CUST116,51.0,,2023-10-12,396.62,4,Phoenix,Beauty,Male
ORD1498,CUST953,,Debit Card,2023-11-21,474.98,2,Houston,Electronics,Male
ORD1499,CUST477,49.0,Credit Card,2023-06-03,403.46,6,Phoenix,Books,Male
ORD1500,CUST602,66.0,Credit Card,2023-08-24,215.41,6,Phoenix,Books,Female
ORD1501,CUST423,,,2023-04-24,30.5,1,Chicago,Beauty,Female
ORD1502,CUST172,42.0,PayPal,2023-08-08,151.68,6,Chicago,Home,Other
ORD1503,CUST175,,Debit Card,2023-01-30,424.23,9,Chicago,Electronics,Female
ORD1504,CUST299,50.0,Debit Card,2023-12-02,259.48,10,Los Angeles,Home,Male
ORD1505,CUST494,18.0,PayPal,2023-10-28,114.57,1,Phoenix,Clothing,Other
ORD1506,CUST826,55.0,Credit Card,2023-02-01,374.53,10,New York,Home,Male
ORD1507,CUST105,25.0,PayPal,2023-01-13,51.89,5,Chicago,Books,Male
ORD1508,CUST392,,,2023-02-05,166.14,9,Phoenix,Electronics,Male
ORD1509,CUST543,,Credit Card,2023-05-21,162.25,1,Houston,Books,Female
ORD1510,CUST286,,PayPal,2023-12-29,249.53,9,Chicago,Books,Other
ORD1511,CUST540,58.0,Credit Card,2023-10-20,279.31,5,Chicago,Books,Other
ORD1512,CUST905,,PayPal,2023-11-17,38.86,8,Phoenix,Electronics,Male
ORD1513,CUST440,,Credit Card,2023-07-31,237.39,6,Chicago,Beauty,Other
ORD1514,CUST639,58.0,Credit Card,2023-05-20,412.83,3,Los Angeles,Books,Other
ORD1515,CUST110,,,2023-03-18,387.02,1,Houston,Home,Other
ORD1516,CUST225,,,2023-09-22,393.43,5,Houston,Home,Male
ORD1517,CUST542,,PayPal,2023-12-31,86.82,1,New York,Books,Female
ORD1518,CUST979,66.0,Credit Card,2023-09-22,341.1,5,Los Angeles,Clothing,Male
ORD1519,CUST932,31.0,,2023-04-17,232.68,5,Phoenix,Books,Female
ORD1520,CUST711,18.0,,2023-10-11,478.43,8,Phoenix,Home,Other
ORD1521,CUST306,55.0,Credit Card,2023-05-31,147.87,4,Chicago,Clothing,Female
ORD1522,CUST193,31.0,PayPal,2023-10-12,330.37,4,New York,Beauty,Female
ORD1523,CUST157,,Debit Card,2023-11-01,255.16,10,New York,Books,Female
ORD1524,CUST272,,Credit Card,2023-01-04,148.91,6,Chicago,Home,Other
ORD1525,CUST326,,Debit Card,2023-04-13,212.36,6,Houston,Clothing,Other
ORD1526,CUST770,,Debit Card,2023-07-27,303.32,10,Los Angeles,Books,Female
ORD1527,CUST830,50.0,PayPal,2023-04-15,410.25,6,Los Angeles,Home,Male
ORD1528,CUST168,,Credit Card,2023-09-06,288.18,9,New York,Clothing,Other
ORD1529,CUST882,60.0,PayPal,2023-11-07,221.98,9,New York,Electronics,Other
ORD1530,CUST318,56.0,Debit Card,2023-11-16,192.71,4,Phoenix,Home,Male
ORD1531,CUST151,63.0,Debit Card,2023-07-24,50.72,1,New York,Electronics,Other
ORD1532,CUST126,33.0,Debit Card,2023-01-16,205.06,10,Phoenix,Books,Female
ORD1533,CUST304,,Debit Card,2023-07-31,341.24,6,Chicago,Electronics,Other
ORD1534,CUST277,,Debit Card,2023-08-19,294.46,7,Houston,Beauty,Female
ORD1535,CUST942,60.0,PayPal,2023-03-29,413.08,2,Chicago,Home,Female
ORD1536,CUST771,26.0,PayPal,2023-11-30,195.52,6,Houston,Clothing,Male
ORD1537,CUST488,59.0,PayPal,2023-10-09,250.39,3,New York,Home,Female
ORD1538,CUST958,61.0,Debit Card,2023-10-11,28.53,5,Los Angeles,Home,Female
ORD1539,CUST697,,Credit Card,2023-08-09,163.54,3,Los Angeles,Home,Male
ORD1540,CUST704,23.0,PayPal,2023-03-03,72.58,10,Los Angeles,Beauty,Male
ORD1541,CUST881,,Credit Card,2023-12-14,313.27,9,Chicago,Books,Male
ORD1542,CUST540,,,2023-03-25,126.9,10,New York,Electronics,Male
ORD1543,CUST828,,PayPal,2023-04-30,225.31,2,Los Angeles,Beauty,Female
ORD1544,CUST545,22.0,,2023-11-24,487.28,5,Houston,Electronics,Male
ORD1545,CUST949,,,2023-09-27,123.31,4,Phoenix,Electronics,Male
ORD1546,CUST237,,PayPal,2023-07-22,300.9,8,New York,Beauty,Female
ORD1547,CUST552,,Debit Card,2023-01-13,263.21,6,Chicago,Electronics,Female
ORD1548,CUST408,55.0,PayPal,2023-06-12,340.0,5,Los Angeles,Home,Female
ORD1549,CUST334,68.0,PayPal,2023-02-10,126.72,6,New York,Beauty,Male
ORD1550,CUST964,,,2023-09-28,118.16,7,Los Angeles,Books,Male
ORD1551,CUST386,70.0,Credit Card,2023-09-06,225.16,9,Phoenix,Home,Male
ORD1552,CUST993,,Debit Card,2023-09-18,397.72,6,Chicago,Books,Other
ORD1553,CUST924,26.0,Credit Card,2023-04-07,110.17,10,Chicago,Clothing,Female
ORD1554,CUST905,22.0,PayPal,2023-02-17,355.01,3,New York,Clothing,Female
ORD1555,CUST806,,PayPal,2023-04-04,240.38,8,New York,Home,Male
ORD1556,CUST878,,,2023-04-26,213.33,6,Los Angeles,Home,Female
ORD1557,CUST600,66.0,PayPal,2023-04-02,315.15,2,Phoenix,Books,Other
ORD1558,CUST888,25.0,PayPal,2023-10-04,240.71,6,Houston,Beauty,Male
ORD1559,CUST929,64.0,,2023-06-22,175.62,10,Houston,Electronics,Female
ORD1560,CUST322,32.0,Debit Card,2023-01-31,228.85,6,New York,Electronics,Other
ORD1561,CUST796,,Credit Card,2023-05-12,261.72,2,Chicago,Home,Female
ORD1562,CUST435,62.0,PayPal,2023-11-16,296.61,2,New York,Clothing,Female
ORD1563,CUST525,56.0,Credit Card,2023-12-16,477.19,8,Phoenix,Books,Male
ORD1564,CUST899,,,2023-11-30,158.64,5,Chicago,Home,Male
ORD1565,CUST921,,Debit Card,2023-11-26,209.05,9,Chicago,Clothing,Female
ORD1566,CUST107,27.0,Credit Card,2023-07-22,279.58,8,Houston,Clothing,Female
ORD1567,CUST335,,PayPal,2023-02-27,174.39,8,Houston,Beauty,Male
ORD1568,CUST599,,Debit Card,2023-07-09,326.0,6,Phoenix,Books,Female
ORD1569,CUST168,,,2023-11-09,325.36,6,Chicago,Electronics,Other
ORD1570,CUST242,,PayPal,2023-04-28,99.73,5,Chicago,Beauty,Male
ORD1571,CUST126,28.0,Credit Card,2023-12-12,53.72,7,Chicago,Beauty,Female
ORD1572,CUST482,,,2023-01-21,39.5,7,New York,Home,Male
ORD1573,CUST770,43.0,Debit Card,2023-12-09,272.55,7,Chicago,Home,Male
ORD1574,CUST170,30.0,Debit Card,2023-01-15,103.41,10,Phoenix,Beauty,Male
ORD1575,CUST623,,,2023-01-07,203.23,3,Chicago,Electronics,Other
ORD1576,CUST340,54.0,Debit Card,2023-12-14,199.45,4,Phoenix,Books,Male
ORD1577,CUST440,,Credit Card,2023-08-18,411.33,9,Phoenix,Beauty,Female
ORD1578,CUST421,19.0,Credit Card,2023-12-05,282.1,2,Chicago,Electronics,Other
ORD1579,CUST898,,Credit Card,2023-02-21,167.76,1,New York,Beauty,Male
ORD1580,CUST620,34.0,Debit Card,2023-09-18,269.23,4,Phoenix,Clothing,Other
ORD1581,CUST590,32.0,Credit Card,2023-03-25,66.48,6,Chicago,Clothing,Male
ORD1582,CUST948,58.0,PayPal,2023-09-26,416.99,3,Phoenix,Clothing,Other
ORD1583,CUST811,,Debit Card,2023-01-16,246.16,3,Chicago,Books,Other
ORD1584,CUST974,,Credit Card,2023-10-30,290.77,9,Houston,Clothing,Male
ORD1585,CUST885,,Debit Card,2023-08-05,399.78,7,Los Angeles,Books,Female
ORD1586,CUST431,31.0,PayPal,2023-06-28,365.3,8,Houston,Clothing,Other
ORD1587,CUST338,59.0,Credit Card,2023-08-04,230.57,5,New York,Electronics,Female
ORD1588,CUST301,30.0,,2023-05-24,408.68,9,Phoenix,Beauty,Female
ORD1589,CUST687,,,2023-05-18,159.84,3,New York,Beauty,Female
ORD1590,CUST621,,Credit Card,2023-04-12,172.8,7,Houston,Beauty,Male
ORD1591,CUST147,,PayPal,2023-01-07,315.63,9,Houston,Electronics,Male
ORD1592,CUST867,22.0,Debit Card,2023-12-05,172.44,3,New York,Home,Male
ORD1593,CUST861,66.0,Debit Card,2023-07-16,265.6,7,Chicago,Electronics,Female
ORD1594,CUST449,,Debit Card,2023-09-15,197.84,9,Phoenix,Home,Male
ORD1595,CUST719,38.0,Debit Card,2023-04-02,289.88,3,New York,Clothing,Other
ORD1596,CUST403,,,2023-10-03,38.72,8,New York,Electronics,Female
ORD1597,CUST902,62.0,Credit Card,2023-11-03,98.76,6,Chicago,Home,Female
ORD1598,CUST962,57.0,PayPal,2023-04-13,280.42,5,Los Angeles,Home,Other
ORD1599,CUST786,44.0,Credit Card,2023-01-04,455.99,2,Phoenix,Clothing,Other
ORD1600,CUST529,,PayPal,2023-01-02,392.41,4,Chicago,Books,Female
ORD1601,CUST967,18.0,Debit Card,2023-09-29,289.84,7,Los Angeles,Books,Female
ORD1602,CUST861,,,2023-09-20,370.49,6,Phoenix,Books,Female
ORD1603,CUST415,,Debit Card,2023-01-26,206.64,9,Los Angeles,Home,Other
ORD1604,CUST567,22.0,PayPal,2023-03-21,353.98,3,New York,Books,Other
ORD1605,CUST598,56.0,Debit Card,2023-01-29,52.57,7,Houston,Beauty,Female
ORD1606,CUST685,,Debit Card,2023-09-04,183.49,3,Houston,Beauty,Male
ORD1607,CUST701,26.0,Credit Card,2023-10-19,445.64,9,Phoenix,Clothing,Male
ORD1608,CUST115,41.0,PayPal,2023-08-12,293.52,6,Los Angeles,Books,Male
ORD1609,CUST190,29.0,Debit Card,2023-06-26,10.44,5,Houston,Home,Other
ORD1610,CUST230,24.0,Credit Card,2023-01-01,20.32,7,New York,Beauty,Other
ORD1611,CUST855,68.0,Debit Card,2023-04-18,277.82,9,Houston,Home,Male
ORD1612,CUST982,60.0,PayPal,2023-06-04,261.76,6,Los Angeles,Books,Female
ORD1613,CUST995,48.0,,2023-04-15,387.71,3,New York,Clothing,Male
ORD1614,CUST276,,PayPal,2023-06-18,116.29,10,Houston,Beauty,Other
ORD1615,CUST827,,Debit Card,2023-06-10,445.64,2,Phoenix,Clothing,Male
ORD1616,CUST223,54.0,Debit Card,2023-02-03,451.43,7,Houston,Electronics,Other
ORD1617,CUST120,59.0,,2023-03-09,470.36,6,Chicago,Home,Female
ORD1618,CUST984,,Debit Card,2023-07-12,107.27,9,Los Angeles,Clothing,Female
ORD1619,CUST605,,Debit Card,2023-10-14,88.61,4,Los Angeles,Electronics,Other
ORD1620,CUST168,,Debit Card,2023-05-04,205.76,10,Phoenix,Beauty,Male
ORD1621,CUST575,,PayPal,2023-07-22,336.3,2,Chicago,Beauty,Other
ORD1622,CUST230,,PayPal,2023-05-18,451.81,8,New York,Clothing,Female
ORD1623,CUST253,,Credit Card,2023-08-01,499.83,2,New York,Beauty,Male
ORD1624,CUST883,,Debit Card,2023-05-20,470.05,9,New York,Home,Female
ORD1625,CUST201,22.0,Debit Card,2023-06-29,331.83,10,Houston,Beauty,Female
ORD1626,CUST465,,PayPal,2023-05-15,261.63,6,Phoenix,Books,Other
ORD1627,CUST929,,Credit Card,2023-08-27,432.72,8,Los Angeles,Home,Other
ORD1628,CUST423,57.0,Credit Card,2023-01-10,482.38,10,Phoenix,Electronics,Female
ORD1629,CUST324,27.0,Credit Card,2023-02-20,373.4,6,Los Angeles,Beauty,Male
ORD1630,CUST980,,,2023-08-04,17.59,10,Chicago,Electronics,Male
ORD1631,CUST208,70.0,PayPal,2023-12-03,199.99,9,Chicago,Books,Female
ORD1632,CUST507,37.0,Credit Card,2023-10-14,485.85,9,Houston,Books,Female
ORD1633,CUST212,64.0,Credit Card,2023-02-03,323.34,5,Chicago,Home,Other
ORD1634,CUST861,34.0,Debit Card,2023-03-21,431.9,4,Los Angeles,Beauty,Female
ORD1635,CUST965,,,2023-03-28,155.82,10,Phoenix,Electronics,Other
ORD1636,CUST357,,Credit Card,2023-08-02,150.77,2,Phoenix,Clothing,Female
ORD1637,CUST229,65.0,Debit Card,2023-04-23,405.67,3,Chicago,Beauty,Other
ORD1638,CUST244,61.0,Debit Card,2023-04-11,197.01,2,Los Angeles,Home,Other
ORD1639,CUST464,,,2023-05-18,130.07,5,Phoenix,Home,Other
ORD1640,CUST554,44.0,Credit Card,2023-05-12,85.01,4,Phoenix,Beauty,Other
ORD1641,CUST420,66.0,PayPal,2023-07-18,471.77,3,Houston,Home,Female
ORD1642,CUST169,23.0,PayPal,2023-08-05,44.28,2,Chicago,Books,Other
ORD1643,CUST129,28.0,Credit Card,2023-07-12,18.14,2,Los Angeles,Electronics,Male
ORD1644,CUST900,,PayPal,2023-05-26,191.29,8,Phoenix,Clothing,Other
ORD1645,CUST791,,,2023-09-20,273.21,1,Chicago,Home,Other
ORD1646,CUST481,63.0,,2023-01-19,225.44,10,Houston,Clothing,Male
ORD1647,CUST289,37.0,Debit Card,2023-12-24,71.07,7,Los Angeles,Books,Other
ORD1648,CUST460,63.0,Debit Card,2023-05-20,332.43,9,Houston,Beauty,Male
ORD1649,CUST637,,Credit Card,2023-05-30,29.13,5,New York,Clothing,Other
ORD1650,CUST737,,PayPal,2023-03-04,367.85,7,Houston,Home,Male
ORD1651,CUST803,50.0,Debit Card,2023-02-11,365.69,1,Houston,Beauty,Other
ORD1652,CUST591,,,2023-07-24,245.9,3,Los Angeles,Electronics,Male
ORD1653,CUST706,51.0,Credit Card,2023-08-30,400.31,7,New York,Books,Male
ORD1654,CUST658,29.0,,2023-04-19,54.89,6,Houston,Electronics,Male
ORD1655,CUST933,20.0,Debit Card,2023-08-29,242.62,10,Houston,Home,Other
ORD1656,CUST358,,,2023-05-21,336.77,10,Phoenix,Clothing,Female
ORD1657,CUST188,40.0,Credit Card,2023-04-27,365.43,6,Houston,Home,Male
ORD1658,CUST250,,PayPal,2023-12-08,36.25,7,Phoenix,Beauty,Female
ORD1659,CUST915,56.0,,2023-01-11,69.46,4,Phoenix,Home,Male
ORD1660,CUST936,,,2023-12-26,400.04,9,Los Angeles,Clothing,Female
ORD1661,CUST775,,PayPal,2023-09-24,70.75,4,Chicago,Clothing,Other
ORD1662,CUST120,45.0,PayPal,2023-06-19,75.29,5,Los Angeles,Electronics,Female
ORD1663,CUST521,,Debit Card,2023-12-20,21.13,2,Houston,Electronics,Male
ORD1664,CUST385,26.0,Debit Card,2023-01-01,118.71,5,New York,Beauty,Female
ORD1665,CUST284,27.0,Credit Card,2023-01-20,476.69,10,Los Angeles,Beauty,Other
ORD1666,CUST330,,Debit Card,2023-10-05,185.58,2,Los Angeles,Electronics,Female
ORD1667,CUST759,53.0,PayPal,2023-02-14,220.4,9,New York,Electronics,Female
ORD1668,CUST433,,Debit Card,2023-12-06,139.11,8,Houston,Clothing,Other
ORD1669,CUST467,,Debit Card,2023-10-11,96.42,5,New York,Home,Other
ORD1670,CUST615,,,2023-06-03,390.15,7,Houston,Home,Other
ORD1671,CUST974,39.0,,2023-11-20,479.03,3,Chicago,Electronics,Male
ORD1672,CUST112,,Debit Card,2023-08-20,124.36,1,Houston,Clothing,Male
ORD1673,CUST367,62.0,Credit Card,2023-02-04,392.49,9,New York,Beauty,Male
ORD1674,CUST811,24.0,Debit Card,2023-12-27,171.8,1,Phoenix,Clothing,Other
ORD1675,CUST149,,PayPal,2023-01-02,227.93,5,Houston,Clothing,Male
ORD1676,CUST642,51.0,PayPal,2023-01-16,61.24,7,New York,Home,Other
ORD1677,CUST561,,,2023-10-13,261.27,6,Houston,Beauty,Other
ORD1678,CUST290,,PayPal,2023-01-30,494.86,4,New York,Clothing,Other
ORD1679,CUST816,32.0,Credit Card,2023-09-07,204.0,8,Phoenix,Electronics,Male
ORD1680,CUST471,,PayPal,2023-04-18,205.27,2,Phoenix,Electronics,Female
ORD1681,CUST520,,Credit Card,2023-04-06,450.96,2,Houston,Beauty,Male
ORD1682,CUST612,22.0,PayPal,2023-09-01,91.1,2,Chicago,Beauty,Other
ORD1683,CUST872,,,2023-08-12,422.0,7,Phoenix,Home,Male
ORD1684,CUST680,,,2023-05-14,118.09,2,Houston,Home,Male
ORD1685,CUST953,33.0,Credit Card,2023-04-29,450.73,10,Phoenix,Clothing,Female
ORD1686,CUST303,60.0,PayPal,2023-10-13,161.24,1,Phoenix,Clothing,Other
ORD1687,CUST659,57.0,Debit Card,2023-03-06,325.14,10,Phoenix,Clothing,Other
ORD1688,CUST379,,,2023-07-29,285.29,10,Houston,Books,Other
ORD1689,CUST279,,PayPal,2023-10-21,413.95,9,Los Angeles,Books,Female
ORD1690,CUST528,,,2023-03-24,332.46,8,Chicago,Home,Male
ORD1691,CUST651,,Credit Card,2023-04-18,203.14,2,Houston,Beauty,Female
ORD1692,CUST126,,Credit Card,2023-09-14,183.43,4,New York,Electronics,Female
ORD1693,CUST922,,Debit Card,2023-07-08,251.52,3,Chicago,Clothing,Female
ORD1694,CUST903,,Credit Card,2023-04-13,461.42,7,Los Angeles,Electronics,Male
ORD1695,CUST853,58.0,,2023-07-31,236.17,6,New York,Books,Other
ORD1696,CUST250,66.0,Credit Card,2023-03-02,272.7,10,Houston,Beauty,Other
ORD1697,CUST201,46.0,Credit Card,2023-09-09,198.62,3,Chicago,Home,Female
ORD1698,CUST488,27.0,PayPal,2023-09-08,205.7,1,Houston,Electronics,Other
ORD1699,CUST831,,Credit Card,2023-05-27,90.11,4,New York,Beauty,Other
ORD1700,CUST207,,,2023-01-10,460.57,9,Chicago,Books,Female
ORD1701,CUST712,70.0,,2023-01-06,237.93,7,Phoenix,Clothing,Other
ORD1702,CUST497,,,2023-06-22,113.54,5,Chicago,Home,Female
ORD1703,CUST293,,PayPal,2023-11-03,419.07,2,New York,Beauty,Female
ORD1704,CUST563,67.0,Credit Card,2023-05-13,61.4,5,Houston,Clothing,Male
ORD1705,CUST793,35.0,Credit Card,2023-05-11,193.2,4,New York,Clothing,Male
ORD1706,CUST990,45.0,Debit Card,2023-06-03,198.22,10,Houston,Home,Male
ORD1707,CUST640,53.0,,2023-03-02,58.76,10,Phoenix,Home,Female
ORD1708,CUST585,54.0,Credit Card,2023-07-10,77.51,1,Chicago,Books,Other
ORD1709,CUST624,33.0,Debit Card,2023-11-13,466.68,5,Los Angeles,Electronics,Other
ORD1710,CUST622,23.0,Debit Card,2023-04-25,88.6,1,Chicago,Clothing,Female
ORD1711,CUST755,,,2023-04-02,267.34,1,New York,Beauty,Male
ORD1712,CUST303,58.0,Debit Card,2023-11-27,39.61,3,New York,Beauty,Female
ORD1713,CUST583,56.0,PayPal,2023-07-10,437.13,1,Phoenix,Clothing,Male
ORD1714,CUST956,,,2023-03-17,33.02,7,Phoenix,Electronics,Male
ORD1715,CUST553,63.0,,2023-02-26,460.34,3,Los Angeles,Clothing,Other
ORD1716,CUST541,46.0,,2023-06-20,163.77,9,New York,Beauty,Male
ORD1717,CUST460,,,2023-08-30,424.56,2,Houston,Clothing,Female
ORD1718,CUST557,43.0,Debit Card,2023-11-20,339.04,1,New York,Clothing,Female
ORD1719,CUST857,63.0,PayPal,2023-03-21,343.23,1,Phoenix,Electronics,Male
ORD1720,CUST352,,Credit Card,2023-10-23,476.72,7,Houston,Books,Male
ORD1721,CUST760,,,2023-03-23,10.52,7,Houston,Clothing,Other
ORD1722,CUST658,,,2023-06-19,402.11,10,New York,Home,Female
ORD1723,CUST508,,,2023-05-01,24.53,4,Houston,Beauty,Female
ORD1724,CUST183,52.0,Debit Card,2023-11-22,363.49,5,New York,Clothing,Male
ORD1725,CUST409,,Credit Card,2023-02-12,39.21,6,Houston,Clothing,Female
ORD1726,CUST504,,Credit Card,2023-03-25,171.15,10,Houston,Home,Male
ORD1727,CUST851,20.0,PayPal,2023-02-20,463.26,5,Los Angeles,Books,Male
ORD1728,CUST459,,,2023-02-24,50.23,5,Houston,Home,Female
ORD1729,CUST746,,Debit Card,2023-11-23,232.96,2,Chicago,Home,Male
ORD1730,CUST452,,Debit Card,2023-08-25,41.5,2,New York,Home,Male
ORD1731,CUST126,38.0,Debit Card,2023-08-31,424.24,3,Los Angeles,Books,Other
ORD1732,CUST338,31.0,PayPal,2023-09-06,471.41,4,Los Angeles,Clothing,Female
ORD1733,CUST870,55.0,Debit Card,2023-02-06,340.32,6,Houston,Home,Female
ORD1734,CUST716,,Debit Card,2023-01-19,97.94,5,New York,Books,Other
ORD1735,CUST470,,PayPal,2023-01-28,358.94,6,Phoenix,Beauty,Male
ORD1736,CUST331,,PayPal,2023-10-30,415.75,4,Phoenix,Beauty,Female
ORD1737,CUST544,,Debit Card,2023-11-12,240.47,7,New York,Books,Other
ORD1738,CUST818,,Debit Card,2023-08-14,317.25,2,Phoenix,Beauty,Other
ORD1739,CUST947,53.0,,2023-06-29,185.4,1,Chicago,Clothing,Male
ORD1740,CUST973,,PayPal,2023-10-25,314.53,6,Los Angeles,Electronics,Female
ORD1741,CUST396,45.0,Debit Card,2023-11-10,186.59,10,Chicago,Books,Female
ORD1742,CUST418,,PayPal,2023-08-23,293.53,10,Chicago,Electronics,Other
ORD1743,CUST586,,Credit Card,2023-11-12,50.37,7,New York,Electronics,Male
ORD1744,CUST863,40.0,,2023-09-16,450.82,5,Houston,Clothing,Male
ORD1745,CUST708,48.0,Credit Card,2023-11-15,416.48,7,Houston,Clothing,Other
ORD1746,CUST268,25.0,Credit Card,2023-05-09,212.11,9,New York,Clothing,Female
ORD1747,CUST562,,,2023-04-06,77.56,4,Phoenix,Electronics,Female
ORD1748,CUST348,70.0,,2023-07-24,219.77,7,Chicago,Home,Female
ORD1749,CUST577,34.0,,2023-04-04,370.25,1,Los Angeles,Clothing,Female
ORD1750,CUST519,,Credit Card,2023-01-20,115.35,3,New York,Home,Male
ORD1751,CUST162,63.0,Debit Card,2023-11-06,236.19,4,New York,Electronics,Male
ORD1752,CUST262,67.0,Credit Card,2023-07-08,31.26,5,Phoenix,Electronics,Other
ORD1753,CUST568,18.0,,2023-11-30,410.81,7,Phoenix,Home,Male
ORD1754,CUST961,,Debit Card,2023-01-05,72.99,5,Los Angeles,Electronics,Male
ORD1755,CUST187,,Credit Card,2023-11-05,475.88,4,Phoenix,Electronics,Male
ORD1756,CUST158,69.0,Credit Card,2023-04-21,387.53,1,Houston,Electronics,Other
ORD1757,CUST424,26.0,Debit Card,2023-12-14,29.35,5,Phoenix,Clothing,Other
ORD1758,CUST329,50.0,Credit Card,2023-03-07,386.47,6,Los Angeles,Books,Female
ORD1759,CUST132,,,2023-05-30,286.97,7,Chicago,Electronics,Female
ORD1760,CUST212,51.0,PayPal,2023-07-17,202.19,1,Houston,Electronics,Female
ORD1761,CUST979,,Debit Card,2023-11-17,110.57,6,Los Angeles,Electronics,Other
ORD1762,CUST273,66.0,PayPal,2023-01-21,451.66,1,Houston,Electronics,Male
ORD1763,CUST993,,Credit Card,2023-11-19,73.24,6,Chicago,Beauty,Female
ORD1764,CUST273,,Credit Card,2023-05-03,496.78,3,Chicago,Home,Other
ORD1765,CUST874,,PayPal,2023-05-20,250.02,3,Los Angeles,Books,Female
ORD1766,CUST102,,PayPal,2023-10-12,102.67,10,Houston,Clothing,Male
ORD1767,CUST212,33.0,Debit Card,2023-10-28,169.59,1,Phoenix,Clothing,Other
ORD1768,CUST173,28.0,Credit Card,2023-06-23,393.95,2,Chicago,Electronics,Other
ORD1769,CUST144,20.0,,2023-09-06,123.06,10,New York,Home,Female
ORD1770,CUST312,45.0,Credit Card,2023-04-28,71.41,3,Los Angeles,Books,Other
ORD1771,CUST331,20.0,Credit Card,2023-02-01,434.52,1,Chicago,Clothing,Male
ORD1772,CUST815,,,2023-12-26,357.77,9,New York,Home,Other
ORD1773,CUST912,34.0,Credit Card,2023-04-30,210.8,9,Los Angeles,Home,Male
ORD1774,CUST755,65.0,Debit Card,2023-10-29,109.68,2,Phoenix,Books,Female
ORD1775,CUST468,55.0,Credit Card,2023-06-06,340.51,10,Los Angeles,Beauty,Female
ORD1776,CUST300,44.0,PayPal,2023-12-13,479.91,1,Houston,Electronics,Female
ORD1777,CUST658,,Debit Card,2023-08-26,368.64,3,New York,Books,Female
ORD1778,CUST512,46.0,Debit Card,2023-03-15,100.93,8,Houston,Electronics,Other
ORD1779,CUST977,,Credit Card,2023-03-25,383.24,7,Chicago,Beauty,Male
ORD1780,CUST663,,PayPal,2023-01-11,376.21,6,Los Angeles,Beauty,Male
ORD1781,CUST697,,,2023-01-19,453.57,8,Los Angeles,Home,Male
ORD1782,CUST861,,Credit Card,2023-10-17,456.52,4,New York,Electronics,Other
ORD1783,CUST500,,,2023-02-03,185.73,9,Houston,Home,Other
ORD1784,CUST470,36.0,PayPal,2023-03-07,483.95,5,Chicago,Books,Other
ORD1785,CUST254,,Debit Card,2023-05-03,397.77,8,Chicago,Beauty,Female
ORD1786,CUST377,22.0,Debit Card,2023-07-29,474.33,5,Chicago,Beauty,Other
ORD1787,CUST660,,Credit Card,2023-06-27,321.72,3,Los Angeles,Books,Female
ORD1788,CUST194,50.0,Debit Card,2023-10-10,322.84,7,Houston,Books,Male
ORD1789,CUST547,,Credit Card,2023-03-21,451.32,1,Houston,Home,Other
ORD1790,CUST513,29.0,,2023-06-30,192.13,2,Los Angeles,Clothing,Other
ORD1791,CUST109,,,2023-11-08,476.71,2,Los Angeles,Electronics,Male
ORD1792,CUST377,,PayPal,2023-05-03,175.06,6,New York,Home,Male
ORD1793,CUST375,40.0,,2023-05-25,420.88,1,Houston,Home,Female
ORD1794,CUST450,,,2023-07-31,142.6,8,Chicago,Electronics,Male
ORD1795,CUST851,,Debit Card,2023-12-13,243.59,10,New York,Electronics,Male
ORD1796,CUST288,25.0,Credit Card,2023-02-15,45.71,6,Phoenix,Beauty,Female
ORD1797,CUST288,,,2023-08-04,401.35,8,Chicago,Books,Female
ORD1798,CUST311,42.0,,2023-10-04,450.34,4,New York,Clothing,Male
ORD1799,CUST111,45.0,Debit Card,2023-06-22,178.31,2,Chicago,Electronics,Female
ORD1800,CUST854,28.0,PayPal,2023-07-10,295.67,4,New York,Clothing,Male
ORD1801,CUST514,53.0,Debit Card,2023-01-05,77.15,7,New York,Home,Male
ORD1802,CUST574,19.0,Debit Card,2023-12-19,473.43,3,Houston,Beauty,Male
ORD1803,CUST276,37.0,Debit Card,2023-09-27,256.06,2,Los Angeles,Clothing,Other
ORD1804,CUST352,26.0,Debit Card,2023-01-10,173.41,9,Phoenix,Clothing,Male
ORD1805,CUST759,,Debit Card,2023-06-27,133.07,7,New York,Books,Female
ORD1806,CUST491,,Debit Card,2023-05-30,231.98,5,New York,Books,Other
ORD1807,CUST936,48.0,PayPal,2023-09-23,463.53,3,Houston,Books,Male
ORD1808,CUST612,,Debit Card,2023-06-30,262.97,6,Chicago,Beauty,Female
ORD1809,CUST362,38.0,Debit Card,2023-01-06,363.79,8,Chicago,Beauty,Female
ORD1810,CUST658,46.0,PayPal,2023-09-14,122.68,10,Houston,Electronics,Other
ORD1811,CUST271,24.0,Credit Card,2023-10-02,342.87,8,Los Angeles,Electronics,Other
ORD1812,CUST144,62.0,Credit Card,2023-06-26,306.21,8,New York,Home,Male
ORD1813,CUST416,38.0,PayPal,2023-06-04,124.4,4,Chicago,Clothing,Other
ORD1814,CUST775,,,2023-12-19,267.27,2,Chicago,Home,Female
ORD1815,CUST368,43.0,PayPal,2023-04-10,198.32,4,New York,Beauty,Female
ORD1816,CUST453,53.0,Credit Card,2023-11-11,346.93,2,Houston,Beauty,Female
ORD1817,CUST918,,,2023-12-06,373.89,3,New York,Home,Other
ORD1818,CUST835,43.0,,2023-10-02,181.12,9,Chicago,Clothing,Female
ORD1819,CUST497,,,2023-06-24,102.71,9,Los Angeles,Clothing,Female
ORD1820,CUST766,,Debit Card,2023-08-17,427.62,7,New York,Clothing,Male
ORD1821,CUST717,38.0,PayPal,2023-02-22,228.55,2,Houston,Electronics,Female
ORD1822,CUST901,43.0,Debit Card,2023-06-27,347.07,9,Chicago,Electronics,Male
ORD1823,CUST951,,PayPal,2023-05-03,336.86,2,Phoenix,Home,Female
ORD1824,CUST715,35.0,Credit Card,2023-10-26,353.13,4,Chicago,Electronics,Other
ORD1825,CUST467,,Debit Card,2023-09-07,344.38,5,Phoenix,Beauty,Other
ORD1826,CUST798,,Credit Card,2023-04-02,269.4,1,New York,Home,Male
ORD1827,CUST701,25.0,PayPal,2023-01-19,384.43,3,Chicago,Home,Male
ORD1828,CUST574,55.0,Debit Card,2023-10-04,414.29,5,Houston,Clothing,Female
ORD1829,CUST725,19.0,PayPal,2023-03-12,38.37,4,Phoenix,Clothing,Female
ORD1830,CUST327,46.0,,2023-02-24,417.3,5,Houston,Home,Other
ORD1831,CUST458,54.0,PayPal,2023-01-24,324.67,7,New York,Books,Other
ORD1832,CUST564,,PayPal,2023-07-07,78.56,9,Phoenix,Clothing,Female
ORD1833,CUST929,,,2023-05-04,310.59,6,Chicago,Home,Male
ORD1834,CUST679,19.0,PayPal,2023-04-24,369.34,6,Houston,Beauty,Male
ORD1835,CUST408,56.0,Debit Card,2023-10-15,14.86,8,Los Angeles,Clothing,Other
ORD1836,CUST331,27.0,Credit Card,2023-03-19,450.23,6,Los Angeles,Beauty,Female
ORD1837,CUST608,49.0,PayPal,2023-06-18,288.42,8,Chicago,Beauty,Male
ORD1838,CUST478,31.0,,2023-02-24,66.18,6,Houston,Beauty,Female
ORD1839,CUST321,67.0,Credit Card,2023-11-04,85.51,6,Phoenix,Books,Female
ORD1840,CUST929,45.0,Debit Card,2023-08-17,376.87,9,Los Angeles,Electronics,Male
ORD1841,CUST536,,PayPal,2023-11-07,86.24,6,Houston,Clothing,Female
ORD1842,CUST646,54.0,Credit Card,2023-10-01,337.02,9,Houston,Books,Other
ORD1843,CUST769,,,2023-04-13,112.74,10,Chicago,Beauty,Male
ORD1844,CUST586,33.0,Debit Card,2023-06-01,411.49,9,Houston,Clothing,Male
ORD1845,CUST148,,PayPal,2023-04-03,277.65,9,Phoenix,Home,Other
ORD1846,CUST555,43.0,PayPal,2023-09-15,82.68,3,Houston,Home,Other
ORD1847,CUST307,,Debit Card,2023-01-07,382.4,10,New York,Clothing,Other
ORD1848,CUST582,,,2023-12-28,368.51,8,Chicago,Electronics,Female
ORD1849,CUST353,43.0,,2023-07-10,343.0,10,Houston,Clothing,Other
ORD1850,CUST223,42.0,,2023-01-19,247.24,10,Chicago,Home,Other
ORD1851,CUST245,57.0,,2023-10-02,165.61,9,Chicago,Books,Male
ORD1852,CUST340,64.0,PayPal,2023-10-27,29.09,10,Houston,Electronics,Other
ORD1853,CUST544,31.0,PayPal,2023-07-03,230.7,7,Los Angeles,Home,Female
ORD1854,CUST364,,Credit Card,2023-04-08,424.52,9,Houston,Books,Male
ORD1855,CUST101,48.0,Debit Card,2023-12-14,287.74,1,Houston,Books,Female
ORD1856,CUST591,,Credit Card,2023-05-14,306.47,9,Phoenix,Books,Female
ORD1857,CUST595,70.0,PayPal,2023-05-04,324.85,10,Chicago,Beauty,Female
ORD1858,CUST323,,,2023-03-29,463.7,8,Phoenix,Beauty,Male
ORD1859,CUST829,43.0,PayPal,2023-10-04,466.23,10,New York,Electronics,Female
ORD1860,CUST466,62.0,Credit Card,2023-07-23,288.56,1,Chicago,Home,Male
ORD1861,CUST400,,Debit Card,2023-11-10,489.9,5,Phoenix,Home,Female
ORD1862,CUST396,,Debit Card,2023-08-16,489.09,8,Chicago,Clothing,Other
ORD1863,CUST512,,Debit Card,2023-04-20,122.21,9,Los Angeles,Books,Female
ORD1864,CUST330,,Credit Card,2023-09-08,453.7,6,Houston,Books,Male
ORD1865,CUST222,,PayPal,2023-10-06,180.54,1,Los Angeles,Books,Other
ORD1866,CUST268,,PayPal,2023-10-19,103.29,8,Chicago,Electronics,Female
ORD1867,CUST816,,Debit Card,2023-03-21,285.99,3,Los Angeles,Books,Other
ORD1868,CUST510,,,2023-05-27,11.55,4,New York,Electronics,Male
ORD1869,CUST982,34.0,,2023-01-13,197.32,4,Los Angeles,Books,Male
ORD1870,CUST996,61.0,Debit Card,2023-01-30,80.49,4,Phoenix,Beauty,Female
ORD1871,CUST737,27.0,Credit Card,2023-12-01,213.74,10,Phoenix,Beauty,Male
ORD1872,CUST948,,,2023-03-10,388.62,1,Houston,Electronics,Female
ORD1873,CUST307,,Debit Card,2023-05-02,194.4,10,Houston,Beauty,Other
ORD1874,CUST202,,Credit Card,2023-02-14,345.04,1,Chicago,Books,Other
ORD1875,CUST799,,,2023-10-02,108.0,8,Los Angeles,Clothing,Male
ORD1876,CUST689,,Credit Card,2023-06-10,201.62,1,Phoenix,Books,Female
ORD1877,CUST437,,Credit Card,2023-03-27,95.5,6,Houston,Home,Female
ORD1878,CUST967,43.0,Credit Card,2023-12-17,18.76,1,New York,Books,Other
ORD1879,CUST519,50.0,Credit Card,2023-05-13,279.8,10,Phoenix,Home,Other
ORD1880,CUST763,59.0,,2023-03-05,313.75,8,New York,Beauty,Male
ORD1881,CUST393,25.0,Debit Card,2023-11-29,394.67,10,Phoenix,Books,Other
ORD1882,CUST640,44.0,,2023-04-27,340.66,2,Los Angeles,Beauty,Other
ORD1883,CUST172,,Debit Card,2023-12-15,122.12,7,Chicago,Books,Female
ORD1884,CUST868,21.0,Credit Card,2023-11-28,218.38,7,Chicago,Clothing,Female
ORD1885,CUST784,,PayPal,2023-11-23,152.27,9,Chicago,Beauty,Female
ORD1886,CUST677,42.0,Credit Card,2023-07-19,395.01,10,Los Angeles,Home,Male
ORD1887,CUST570,31.0,PayPal,2023-03-26,97.44,3,New York,Home,Female
ORD1888,CUST710,18.0,PayPal,2023-08-12,479.28,7,Chicago,Beauty,Other
ORD1889,CUST480,63.0,,2023-10-23,12.61,3,New York,Clothing,Other
ORD1890,CUST858,,,2023-11-25,151.32,6,New York,Home,Other
ORD1891,CUST921,,Debit Card,2023-11-02,104.39,7,New York,Beauty,Male
ORD1892,CUST248,,Credit Card,2023-09-28,389.12,1,Phoenix,Clothing,Other
ORD1893,CUST296,,Credit Card,2023-12-15,402.85,4,Phoenix,Home,Male
ORD1894,CUST531,,Credit Card,2023-04-05,263.09,7,Los Angeles,Home,Male
ORD1895,CUST614,65.0,Debit Card,2023-11-29,348.47,7,Houston,Beauty,Female
ORD1896,CUST851,54.0,Debit Card,2023-04-05,427.79,7,Houston,Beauty,Female
ORD1897,CUST714,21.0,PayPal,2023-01-15,372.86,7,New York,Books,Female
ORD1898,CUST377,48.0,,2023-05-12,326.89,2,Los Angeles,Home,Male
ORD1899,CUST123,54.0,Debit Card,2023-07-12,319.3,3,Phoenix,Beauty,Other
ORD1900,CUST595,,Debit Card,2023-05-15,340.97,7,Houston,Electronics,Male
ORD1901,CUST651,,Credit Card,2023-03-10,135.59,3,Phoenix,Books,Female
ORD1902,CUST849,41.0,,2023-07-28,117.08,4,Chicago,Home,Other
ORD1903,CUST931,39.0,Debit Card,2023-10-12,242.73,3,New York,Clothing,Other
ORD1904,CUST557,40.0,Debit Card,2023-10-14,339.17,2,Phoenix,Books,Male
ORD1905,CUST742,70.0,PayPal,2023-10-28,487.52,6,Houston,Clothing,Other
ORD1906,CUST807,47.0,PayPal,2023-12-10,437.53,4,Chicago,Clothing,Other
ORD1907,CUST691,27.0,Debit Card,2023-06-11,461.13,1,New York,Clothing,Female
ORD1908,CUST551,20.0,,2023-08-10,343.77,5,Los Angeles,Books,Female
ORD1909,CUST842,49.0,,2023-09-06,71.6,1,Chicago,Books,Female
ORD1910,CUST569,,PayPal,2023-05-31,115.84,1,New York,Beauty,Other
ORD1911,CUST721,,Credit Card,2023-05-04,340.46,8,Houston,Clothing,Male
ORD1912,CUST256,,Credit Card,2023-10-17,123.42,4,Los Angeles,Home,Other
ORD1913,CUST444,66.0,Debit Card,2023-02-05,266.19,10,Los Angeles,Books,Male
ORD1914,CUST875,52.0,,2023-03-19,342.25,6,Chicago,Clothing,Male
ORD1915,CUST326,65.0,PayPal,2023-05-08,282.88,6,Chicago,Electronics,Female
ORD1916,CUST324,54.0,,2023-02-14,212.25,6,Houston,Electronics,Other
ORD1917,CUST833,,Debit Card,2023-08-02,232.93,9,Houston,Home,Female
ORD1918,CUST526,23.0,Credit Card,2023-05-06,257.04,9,Los Angeles,Beauty,Other
ORD1919,CUST394,,Credit Card,2023-06-08,325.88,7,Houston,Books,Male
ORD1920,CUST283,,,2023-10-19,164.25,9,Phoenix,Clothing,Female
ORD1921,CUST362,,Debit Card,2023-12-10,244.96,9,Los Angeles,Beauty,Male
ORD1922,CUST354,,,2023-06-02,462.24,7,New York,Clothing,Other
ORD1923,CUST524,70.0,PayPal,2023-06-19,351.12,6,Phoenix,Books,Female
ORD1924,CUST987,27.0,PayPal,2023-02-01,64.8,6,Houston,Beauty,Other
ORD1925,CUST784,34.0,Debit Card,2023-01-14,456.63,4,Houston,Electronics,Male
ORD1926,CUST903,,Debit Card,2023-09-17,241.18,5,Phoenix,Home,Female
ORD1927,CUST656,,PayPal,2023-04-15,289.3,5,Phoenix,Beauty,Other
ORD1928,CUST502,,Credit Card,2023-12-22,340.69,1,Los Angeles,Beauty,Other
ORD1929,CUST163,,Debit Card,2023-04-21,104.88,7,Phoenix,Electronics,Male
ORD1930,CUST519,,PayPal,2023-04-20,58.06,4,New York,Beauty,Male
ORD1931,CUST988,,Debit Card,2023-09-20,261.29,1,Houston,Home,Female
ORD1932,CUST159,,PayPal,2023-11-25,435.07,3,Los Angeles,Home,Male
ORD1933,CUST248,,Debit Card,2023-02-16,127.25,2,New York,Electronics,Male
ORD1934,CUST536,34.0,,2023-05-03,155.4,7,Houston,Beauty,Other
ORD1935,CUST209,27.0,Debit Card,2023-11-04,216.09,8,Houston,Home,Female
ORD1936,CUST248,,,2023-07-17,264.61,9,Houston,Beauty,Other
ORD1937,CUST464,40.0,PayPal,2023-08-17,311.96,3,Houston,Home,Male
ORD1938,CUST968,,Credit Card,2023-07-24,242.18,6,Houston,Home,Female
ORD1939,CUST672,,PayPal,2023-09-26,466.46,7,Los Angeles,Home,Female
ORD1940,CUST607,51.0,,2023-03-13,155.56,1,Houston,Books,Female
ORD1941,CUST386,,PayPal,2023-06-01,382.85,9,New York,Electronics,Other
ORD1942,CUST468,,,2023-09-05,359.77,4,Houston,Home,Other
ORD1943,CUST821,,PayPal,2023-11-03,474.28,7,Chicago,Clothing,Other
ORD1944,CUST416,,Debit Card,2023-10-19,57.05,9,Los Angeles,Beauty,Male
ORD1945,CUST539,,Credit Card,2023-08-12,106.14,8,Chicago,Home,Female
ORD1946,CUST609,,PayPal,2023-03-04,340.26,8,Houston,Home,Male
ORD1947,CUST769,50.0,Credit Card,2023-06-26,391.36,8,Houston,Electronics,Male
ORD1948,CUST770,,PayPal,2023-06-26,348.65,5,Phoenix,Books,Male
ORD1949,CUST552,,Debit Card,2023-12-03,315.0,9,Phoenix,Books,Male
ORD1950,CUST968,,Debit Card,2023-07-20,222.18,3,Phoenix,Clothing,Female
ORD1951,CUST174,,Debit Card,2023-02-26,341.72,7,Chicago,Electronics,Other
ORD1952,CUST984,19.0,,2023-10-01,155.63,2,Los Angeles,Books,Female
ORD1953,CUST703,,,2023-08-11,114.01,9,Phoenix,Beauty,Male
ORD1954,CUST224,,Credit Card,2023-12-10,226.01,3,Chicago,Clothing,Male
ORD1955,CUST360,56.0,PayPal,2023-04-07,206.33,4,New York,Books,Other
ORD1956,CUST882,41.0,Credit Card,2023-02-14,359.13,9,Chicago,Clothing,Female
ORD1957,CUST666,69.0,Credit Card,2023-06-17,345.23,3,New York,Electronics,Other
ORD1958,CUST635,,PayPal,2023-03-15,19.04,4,Chicago,Electronics,Other
ORD1959,CUST379,69.0,,2023-05-21,106.65,8,Chicago,Books,Other
ORD1960,CUST294,69.0,PayPal,2023-12-05,468.83,1,Chicago,Home,Other
ORD1961,CUST279,56.0,Debit Card,2023-01-19,470.91,10,New York,Electronics,Female
ORD1962,CUST461,26.0,Credit Card,2023-01-20,311.03,6,Houston,Beauty,Female
ORD1963,CUST362,,Credit Card,2023-05-04,140.52,10,Houston,Home,Female
ORD1964,CUST645,48.0,Debit Card,2023-12-17,398.02,7,Los Angeles,Clothing,Male
ORD1965,CUST873,38.0,,2023-12-03,171.38,1,Phoenix,Clothing,Male
ORD1966,CUST533,,,2023-09-04,70.96,9,Phoenix,Books,Male
ORD1967,CUST444,63.0,Credit Card,2023-11-07,170.71,6,Phoenix,Beauty,Female
ORD1968,CUST604,47.0,PayPal,2023-02-21,314.74,7,Phoenix,Electronics,Male
ORD1969,CUST281,32.0,PayPal,2023-07-06,91.24,7,Los Angeles,Electronics,Female
ORD1970,CUST781,,PayPal,2023-05-20,205.13,3,Los Angeles,Home,Other
ORD1971,CUST483,22.0,,2023-09-27,267.46,7,Phoenix,Books,Other
ORD1972,CUST213,31.0,Credit Card,2023-09-09,39.21,10,Chicago,Books,Female
ORD1973,CUST606,,PayPal,2023-03-16,272.7,5,Houston,Clothing,Female
ORD1974,CUST597,43.0,Credit Card,2023-09-18,481.93,9,Houston,Beauty,Other
ORD1975,CUST436,,PayPal,2023-08-04,204.65,10,Chicago,Beauty,Other
ORD1976,CUST193,33.0,PayPal,2023-12-04,175.9,7,Houston,Clothing,Female
ORD1977,CUST947,,Debit Card,2023-09-27,222.66,10,Phoenix,Home,Other
ORD1978,CUST897,32.0,Credit Card,2023-03-19,60.7,8,Los Angeles,Home,Other
ORD1979,CUST864,,Credit Card,2023-03-12,339.97,10,Phoenix,Books,Female
ORD1980,CUST887,,PayPal,2023-02-28,494.72,6,Phoenix,Home,Male
ORD1981,CUST583,,,2023-10-26,391.27,1,Chicago,Books,Female
ORD1982,CUST718,37.0,PayPal,2023-01-25,318.9,6,Los Angeles,Home,Male
ORD1983,CUST273,50.0,PayPal,2023-11-12,427.17,10,Houston,Home,Female
ORD1984,CUST944,,Debit Card,2023-03-11,451.84,3,Phoenix,Electronics,Other
ORD1985,CUST880,,Debit Card,2023-12-12,405.96,3,Chicago,Beauty,Female
ORD1986,CUST738,,Credit Card,2023-07-04,317.72,1,Houston,Electronics,Other
ORD1987,CUST660,34.0,Credit Card,2023-06-16,106.09,9,Phoenix,Electronics,Male
ORD1988,CUST606,69.0,Credit Card,2023-08-06,448.63,7,Houston,Clothing,Male
ORD1989,CUST345,57.0,Debit Card,2023-08-18,430.95,1,Los Angeles,Books,Female
ORD1990,CUST883,22.0,,2023-09-29,240.29,5,Chicago,Home,Other
ORD1991,CUST921,,PayPal,2023-12-05,463.91,1,Los Angeles,Clothing,Female
ORD1992,CUST195,,,2023-03-19,213.89,7,Phoenix,Books,Other
ORD1993,CUST172,36.0,,2023-03-20,281.19,2,Los Angeles,Electronics,Other
ORD1994,CUST481,,Debit Card,2023-06-19,67.59,9,New York,Electronics,Other
ORD1995,CUST316,53.0,Debit Card,2023-12-25,260.63,2,Los Angeles,Beauty,Other
ORD1996,CUST994,52.0,PayPal,2023-04-29,29.43,1,New York,Home,Male
ORD1997,CUST743,67.0,,2023-01-20,410.45,6,Houston,Books,Female
ORD1998,CUST563,42.0,,2023-09-10,110.37,5,New York,Books,Female
ORD1999,CUST913,,Credit Card,2023-06-12,362.1,2,New York,Books,Other
ORD2000,CUST118,58.0,,2023-11-07,220.16,7,Houston,Electronics,Male
ORD2001,CUST130,59.0,,2023-01-19,276.05,3,Houston,Electronics,Other
ORD2002,CUST142,66.0,Debit Card,2023-08-14,291.4,4,Houston,Beauty,Female
ORD2003,CUST653,24.0,PayPal,2023-09-29,494.72,8,Chicago,Electronics,Other
ORD2004,CUST304,,Debit Card,2023-10-12,357.19,4,Chicago,Electronics,Female
ORD2005,CUST667,58.0,Debit Card,2023-01-18,94.16,3,Chicago,Electronics,Male
ORD2006,CUST815,55.0,Debit Card,2023-11-22,287.11,6,New York,Beauty,Female
ORD2007,CUST634,21.0,PayPal,2023-05-05,232.46,10,Chicago,Electronics,Female
ORD2008,CUST638,,,2023-01-12,427.12,8,Houston,Home,Female
ORD2009,CUST456,41.0,,2023-11-12,209.19,7,Chicago,Beauty,Female
ORD2010,CUST241,,PayPal,2023-12-21,183.58,7,New York,Electronics,Female
ORD2011,CUST840,69.0,Credit Card,2023-06-01,472.88,8,New York,Electronics,Female
ORD2012,CUST148,55.0,,2023-03-23,271.75,1,Phoenix,Home,Other
ORD2013,CUST871,60.0,,2023-04-11,373.35,3,New York,Beauty,Female
ORD2014,CUST903,50.0,Credit Card,2023-05-06,69.35,10,Phoenix,Clothing,Male
ORD2015,CUST238,49.0,Credit Card,2023-06-10,85.95,5,Houston,Clothing,Female
ORD2016,CUST336,,PayPal,2023-08-30,153.42,10,Houston,Books,Other
ORD2017,CUST464,,Credit Card,2023-11-29,414.79,10,New York,Books,Male
ORD2018,CUST656,50.0,Debit Card,2023-01-27,213.13,8,Chicago,Home,Female
ORD2019,CUST398,46.0,Debit Card,2023-09-01,350.65,8,Los Angeles,Books,Male
ORD2020,CUST587,,,2023-11-27,35.43,6,New York,Clothing,Male
ORD2021,CUST982,,Credit Card,2023-09-24,122.36,8,Phoenix,Electronics,Male
ORD2022,CUST248,41.0,Credit Card,2023-10-13,248.81,3,Phoenix,Books,Female
ORD2023,CUST852,,Credit Card,2023-11-14,294.15,1,Phoenix,Electronics,Other
ORD2024,CUST534,,Debit Card,2023-11-09,99.29,4,Houston,Beauty,Male
ORD2025,CUST829,,,2023-02-07,487.82,6,Los Angeles,Home,Other
ORD2026,CUST507,34.0,PayPal,2023-02-13,255.31,9,Phoenix,Books,Other
ORD2027,CUST876,36.0,Credit Card,2023-01-10,98.58,8,Chicago,Clothing,Other
ORD2028,CUST157,,PayPal,2023-05-24,28.81,2,Los Angeles,Clothing,Other
ORD2029,CUST375,34.0,Debit Card,2023-05-22,98.3,2,Houston,Home,Male
ORD2030,CUST117,55.0,,2023-09-07,222.67,6,Los Angeles,Home,Male
ORD2031,CUST350,,Credit Card,2023-08-19,474.01,6,Chicago,Home,Female
ORD2032,CUST867,65.0,Credit Card,2023-06-21,156.4,8,Los Angeles,Beauty,Female
ORD2033,CUST301,38.0,Debit Card,2023-08-03,349.86,9,Houston,Books,Female
ORD2034,CUST569,65.0,Credit Card,2023-09-20,248.26,1,Houston,Books,Other
ORD2035,CUST480,,Debit Card,2023-03-28,14.93,1,New York,Books,Female
ORD2036,CUST247,28.0,PayPal,2023-04-07,231.12,7,Los Angeles,Books,Male
ORD2037,CUST264,18.0,,2023-04-30,482.65,5,Phoenix,Beauty,Other
ORD2038,CUST831,,Debit Card,2023-12-27,91.26,4,Los Angeles,Books,Male
ORD2039,CUST209,37.0,Debit Card,2023-10-08,264.27,8,Phoenix,Home,Male
ORD2040,CUST439,64.0,Debit Card,2023-03-18,480.63,7,Chicago,Beauty,Other
ORD2041,CUST949,,Debit Card,2023-09-08,86.27,2,New York,Beauty,Female
ORD2042,CUST518,38.0,PayPal,2023-11-17,456.14,4,Los Angeles,Clothing,Female
ORD2043,CUST103,55.0,Credit Card,2023-06-08,109.15,4,New York,Beauty,Female
ORD2044,CUST787,24.0,Debit Card,2023-03-17,404.27,1,Houston,Home,Other
ORD2045,CUST125,,,2023-06-02,323.72,6,Chicago,Electronics,Male
ORD2046,CUST770,22.0,Credit Card,2023-05-31,362.75,3,Los Angeles,Home,Male
ORD2047,CUST601,42.0,,2023-10-15,400.88,4,Los Angeles,Books,Other
ORD2048,CUST531,57.0,Credit Card,2023-08-07,212.37,3,Los Angeles,Beauty,Male
ORD2049,CUST211,38.0,Credit Card,2023-02-22,215.92,3,Phoenix,Books,Female
ORD2050,CUST871,,Credit Card,2023-08-21,224.71,10,Houston,Clothing,Female
ORD2051,CUST495,26.0,Debit Card,2023-11-01,46.67,7,Los Angeles,Beauty,Female
ORD2052,CUST931,66.0,PayPal,2023-06-29,74.99,10,Phoenix,Home,Male
ORD2053,CUST616,,Debit Card,2023-05-09,229.72,2,Chicago,Clothing,Female
ORD2054,CUST984,44.0,Credit Card,2023-02-24,245.04,9,Phoenix,Home,Female
ORD2055,CUST329,,,2023-03-29,226.44,2,Chicago,Clothing,Female
ORD2056,CUST700,25.0,Credit Card,2023-03-10,273.24,1,Phoenix,Books,Female
ORD2057,CUST712,65.0,Debit Card,2023-03-03,231.81,4,New York,Home,Female
ORD2058,CUST249,,,2023-03-29,444.09,7,Chicago,Clothing,Female
ORD2059,CUST657,20.0,Credit Card,2023-04-13,14.25,9,Chicago,Beauty,Male
ORD2060,CUST235,,PayPal,2023-09-11,158.32,7,Los Angeles,Home,Female
ORD2061,CUST196,58.0,PayPal,2023-08-14,10.97,5,Chicago,Beauty,Other
ORD2062,CUST499,,,2023-06-08,64.45,1,Houston,Beauty,Male
ORD2063,CUST436,,Debit Card,2023-02-05,466.06,7,Phoenix,Books,Female
ORD2064,CUST220,55.0,Debit Card,2023-12-20,331.31,6,New York,Home,Other
ORD2065,CUST416,,Debit Card,2023-10-12,106.14,6,Phoenix,Beauty,Other
ORD2066,CUST857,,,2023-11-06,23.2,2,Houston,Clothing,Other
ORD2067,CUST502,,Debit Card,2023-03-22,194.92,2,New York,Beauty,Male
ORD2068,CUST506,,PayPal,2023-10-03,402.61,8,Houston,Clothing,Male
ORD2069,CUST474,55.0,Credit Card,2023-01-18,203.84,10,New York,Books,Other
ORD2070,CUST594,62.0,PayPal,2023-09-04,281.18,3,Phoenix,Clothing,Male
ORD2071,CUST172,,PayPal,2023-08-03,131.11,9,Los Angeles,Electronics,Other
ORD2072,CUST940,,Debit Card,2023-04-30,146.48,3,New York,Books,Female
ORD2073,CUST876,35.0,,2023-06-02,255.79,3,Los Angeles,Home,Male
ORD2074,CUST469,68.0,Debit Card,2023-10-26,301.63,4,New York,Electronics,Other
ORD2075,CUST912,29.0,Credit Card,2023-11-16,124.09,8,New York,Electronics,Male
ORD2076,CUST311,20.0,PayPal,2023-04-18,60.99,10,Phoenix,Home,Other
ORD2077,CUST650,35.0,Debit Card,2023-06-26,423.42,9,Houston,Electronics,Other
ORD2078,CUST421,,PayPal,2023-03-17,124.27,2,Chicago,Electronics,Female
ORD2079,CUST797,66.0,,2023-02-11,171.6,4,Phoenix,Home,Other
ORD2080,CUST194,,Credit Card,2023-06-17,127.41,6,Phoenix,Beauty,Female
ORD2081,CUST551,53.0,Credit Card,2023-04-30,266.59,8,Chicago,Electronics,Other
ORD2082,CUST820,43.0,PayPal,2023-11-11,239.77,6,Houston,Electronics,Female
ORD2083,CUST446,36.0,Credit Card,2023-07-19,219.45,3,Chicago,Electronics,Other
ORD2084,CUST761,20.0,Debit Card,2023-01-24,149.05,8,Houston,Beauty,Other
ORD2085,CUST143,48.0,Credit Card,2023-08-08,485.45,5,Phoenix,Home,Male
ORD2086,CUST747,30.0,PayPal,2023-11-03,330.42,5,Houston,Books,Male
ORD2087,CUST663,53.0,Debit Card,2023-12-14,106.33,5,Houston,Beauty,Female
ORD2088,CUST903,63.0,Debit Card,2023-03-05,88.11,7,New York,Clothing,Other
ORD2089,CUST109,,,2023-08-03,346.83,4,Houston,Books,Male
ORD2090,CUST932,62.0,Debit Card,2023-08-01,366.25,6,Los Angeles,Books,Female
ORD2091,CUST985,25.0,,2023-10-16,320.41,7,New York,Clothing,Female
ORD2092,CUST984,55.0,Debit Card,2023-04-13,498.85,6,New York,Books,Male
ORD2093,CUST326,27.0,PayPal,2023-07-11,258.89,8,Chicago,Electronics,Male
ORD2094,CUST450,67.0,PayPal,2023-12-26,303.47,6,New York,Clothing,Male
ORD2095,CUST684,39.0,,2023-04-18,464.8,10,Chicago,Books,Male
ORD2096,CUST797,,PayPal,2023-01-05,421.94,6,Phoenix,Books,Male
ORD2097,CUST931,20.0,Debit Card,2023-11-02,90.36,3,Houston,Home,Male
ORD2098,CUST544,39.0,Debit Card,2023-07-27,266.15,9,Los Angeles,Home,Other
ORD2099,CUST670,19.0,Debit Card,2023-07-07,67.26,7,New York,Electronics,Male
ORD2100,CUST877,,,2023-03-26,110.74,9,Chicago,Beauty,Male
ORD2101,CUST534,30.0,,2023-05-19,390.35,8,New York,Electronics,Other
ORD2102,CUST184,,Credit Card,2023-02-06,50.88,3,Phoenix,Electronics,Other
ORD2103,CUST971,,PayPal,2023-08-17,81.13,9,Los Angeles,Beauty,Male
ORD2104,CUST599,47.0,,2023-03-09,351.55,8,Chicago,Beauty,Female
ORD2105,CUST550,,Debit Card,2023-03-05,16.93,9,Los Angeles,Electronics,Female
ORD2106,CUST827,,Credit Card,2023-12-22,194.43,4,Chicago,Clothing,Female
ORD2107,CUST300,27.0,Debit Card,2023-12-23,443.2,8,Chicago,Electronics,Male
ORD2108,CUST684,36.0,PayPal,2023-07-20,154.65,5,Los Angeles,Electronics,Male
ORD2109,CUST543,,Credit Card,2023-01-06,71.3,1,Houston,Books,Female
ORD2110,CUST337,,,2023-04-18,85.19,10,Houston,Clothing,Male
ORD2111,CUST402,,Credit Card,2023-01-29,345.1,8,Los Angeles,Electronics,Male
ORD2112,CUST947,37.0,Credit Card,2023-04-23,409.34,3,Houston,Clothing,Female
ORD2113,CUST810,65.0,PayPal,2023-01-05,381.37,4,New York,Beauty,Other
ORD2114,CUST666,60.0,,2023-04-09,166.47,10,Houston,Clothing,Other
ORD2115,CUST432,,,2023-02-23,459.66,5,Phoenix,Books,Male
ORD2116,CUST535,,PayPal,2023-12-09,167.48,8,Houston,Books,Male
ORD2117,CUST810,22.0,Debit Card,2023-07-03,444.02,3,Chicago,Home,Female
ORD2118,CUST341,,Debit Card,2023-10-19,453.15,3,New York,Home,Male
ORD2119,CUST319,67.0,,2023-08-02,244.59,2,Chicago,Beauty,Other
ORD2120,CUST499,37.0,Credit Card,2023-01-12,344.89,9,Houston,Home,Female
ORD2121,CUST899,,Credit Card,2023-06-14,316.82,4,Chicago,Electronics,Female
ORD2122,CUST668,20.0,PayPal,2023-12-22,449.42,2,Houston,Clothing,Other
ORD2123,CUST899,30.0,Credit Card,2023-11-04,259.56,10,Los Angeles,Clothing,Female
ORD2124,CUST968,,,2023-06-26,13.2,1,Houston,Electronics,Male
ORD2125,CUST674,69.0,,2023-05-12,156.61,10,Chicago,Home,Female
ORD2126,CUST807,69.0,,2023-01-19,197.07,2,Los Angeles,Home,Other
ORD2127,CUST913,31.0,,2023-09-08,472.63,9,Chicago,Beauty,Other
ORD2128,CUST331,65.0,PayPal,2023-09-20,234.23,10,Los Angeles,Electronics,Male
ORD2129,CUST796,,Debit Card,2023-03-22,15.6,8,Chicago,Clothing,Male
ORD2130,CUST309,67.0,,2023-04-29,125.29,3,Phoenix,Home,Other
ORD2131,CUST292,66.0,,2023-07-02,52.35,2,New York,Beauty,Male
ORD2132,CUST870,,Credit Card,2023-02-10,18.15,6,Los Angeles,Books,Female
ORD2133,CUST746,33.0,,2023-10-11,317.11,2,Los Angeles,Electronics,Male
ORD2134,CUST541,28.0,PayPal,2023-05-29,169.9,6,New York,Electronics,Other
ORD2135,CUST653,,,2023-04-04,353.29,8,Chicago,Home,Female
ORD2136,CUST300,,PayPal,2023-03-10,12.79,1,Phoenix,Electronics,Male
ORD2137,CUST562,,Credit Card,2023-12-08,228.28,2,Los Angeles,Beauty,Male
ORD2138,CUST671,38.0,,2023-01-06,460.82,10,Phoenix,Beauty,Female
ORD2139,CUST295,,Credit Card,2023-10-30,34.51,3,Phoenix,Electronics,Other
ORD2140,CUST976,,,2023-08-12,344.9,1,Houston,Home,Other
ORD2141,CUST417,29.0,PayPal,2023-11-23,338.82,4,Houston,Beauty,Female
ORD2142,CUST615,23.0,PayPal,2023-01-04,325.97,9,Los Angeles,Books,Female
ORD2143,CUST683,40.0,PayPal,2023-04-16,222.86,2,Houston,Home,Female
ORD2144,CUST916,28.0,Debit Card,2023-01-31,122.06,5,New York,Books,Other
ORD2145,CUST958,,PayPal,2023-03-07,313.07,7,Phoenix,Clothing,Male
ORD2146,CUST981,55.0,,2023-12-10,469.33,5,Phoenix,Books,Male
ORD2147,CUST952,,,2023-05-08,237.96,9,Chicago,Beauty,Female
ORD2148,CUST223,,PayPal,2023-07-03,53.61,2,Chicago,Electronics,Male
ORD2149,CUST254,28.0,,2023-08-13,426.81,10,New York,Electronics,Male
ORD2150,CUST662,,PayPal,2023-10-29,55.89,1,Chicago,Books,Female
ORD2151,CUST847,70.0,Credit Card,2023-08-09,239.77,8,Chicago,Books,Female
ORD2152,CUST324,,Debit Card,2023-05-09,428.55,9,Chicago,Books,Female
ORD2153,CUST294,,Debit Card,2023-05-25,182.14,7,Los Angeles,Home,Other
ORD2154,CUST462,51.0,PayPal,2023-10-22,395.14,7,Houston,Clothing,Other
ORD2155,CUST901,,,2023-02-26,402.36,3,Phoenix,Electronics,Male
ORD2156,CUST366,,PayPal,2023-12-23,275.57,10,Los Angeles,Books,Female
ORD2157,CUST393,,Credit Card,2023-10-13,446.02,3,Phoenix,Clothing,Male
ORD2158,CUST230,26.0,Credit Card,2023-06-11,231.67,1,Los Angeles,Electronics,Male
ORD2159,CUST435,38.0,Credit Card,2023-06-12,490.21,6,Phoenix,Clothing,Male
ORD2160,CUST520,33.0,Credit Card,2023-05-15,351.01,2,Chicago,Electronics,Female
ORD2161,CUST224,41.0,,2023-02-13,308.27,7,Chicago,Beauty,Other
ORD2162,CUST497,65.0,,2023-07-21,212.75,9,Los Angeles,Electronics,Other
ORD2163,CUST858,32.0,,2023-07-26,133.67,1,New York,Home,Other
ORD2164,CUST127,,Credit Card,2023-10-30,290.32,3,Phoenix,Electronics,Male
ORD2165,CUST989,,,2023-08-19,113.43,6,Los Angeles,Books,Male
ORD2166,CUST739,67.0,,2023-06-01,46.97,7,Phoenix,Electronics,Male
ORD2167,CUST795,,Credit Card,2023-03-01,235.16,8,Phoenix,Clothing,Male
ORD2168,CUST267,46.0,Credit Card,2023-10-17,325.01,5,Houston,Electronics,Male
ORD2169,CUST940,28.0,Debit Card,2023-10-14,135.75,2,Chicago,Clothing,Male
ORD2170,CUST869,,Credit Card,2023-02-18,189.09,9,Houston,Books,Other
ORD2171,CUST385,,PayPal,2023-12-31,119.69,1,Los Angeles,Electronics,Other
ORD2172,CUST842,,,2023-12-05,25.95,1,Phoenix,Clothing,Male
ORD2173,CUST231,,Credit Card,2023-01-25,282.4,6,New York,Books,Other
ORD2174,CUST678,,PayPal,2023-01-14,123.58,1,Chicago,Electronics,Male
ORD2175,CUST509,,PayPal,2023-11-26,497.5,2,Phoenix,Electronics,Female
ORD2176,CUST348,67.0,PayPal,2023-01-29,109.45,5,Los Angeles,Clothing,Other
ORD2177,CUST506,24.0,,2023-12-03,139.89,1,Phoenix,Electronics,Male
ORD2178,CUST817,27.0,Debit Card,2023-11-25,487.06,2,Phoenix,Books,Female
ORD2179,CUST481,,Credit Card,2023-03-20,293.43,1,Los Angeles,Beauty,Female
ORD2180,CUST765,,PayPal,2023-07-12,499.54,6,Los Angeles,Clothing,Other
ORD2181,CUST622,,PayPal,2023-01-16,163.44,1,Phoenix,Clothing,Male
ORD2182,CUST730,,Debit Card,2023-02-14,91.88,9,Los Angeles,Home,Female
ORD2183,CUST348,,,2023-04-02,327.4,1,Chicago,Beauty,Other
ORD2184,CUST994,,PayPal,2023-06-10,393.32,5,New York,Books,Male
ORD2185,CUST525,21.0,,2023-08-04,328.21,1,Houston,Home,Other
ORD2186,CUST931,67.0,Debit Card,2023-06-28,283.91,4,Houston,Electronics,Male
ORD2187,CUST613,24.0,,2023-08-15,67.81,6,Chicago,Books,Male
ORD2188,CUST148,58.0,PayPal,2023-05-31,449.7,9,Chicago,Beauty,Other
ORD2189,CUST368,24.0,,2023-02-10,174.33,6,Houston,Home,Female
ORD2190,CUST881,64.0,,2023-08-06,279.68,3,Los Angeles,Clothing,Other
ORD2191,CUST985,,,2023-12-06,360.02,7,Chicago,Beauty,Male
ORD2192,CUST337,,Debit Card,2023-05-18,336.03,3,Phoenix,Clothing,Female
ORD2193,CUST254,60.0,Credit Card,2023-12-09,167.56,6,Chicago,Beauty,Male
ORD2194,CUST684,29.0,,2023-04-22,133.16,2,New York,Electronics,Other
ORD2195,CUST279,43.0,Debit Card,2023-04-11,58.79,4,Phoenix,Books,Other
ORD2196,CUST394,,Credit Card,2023-06-04,493.47,9,Chicago,Electronics,Female
ORD2197,CUST975,20.0,Credit Card,2023-12-02,217.14,7,New York,Books,Female
ORD2198,CUST922,18.0,,2023-05-13,396.7,2,Los Angeles,Beauty,Male
ORD2199,CUST449,27.0,,2023-03-20,178.87,1,Phoenix,Home,Male
ORD1059,CUST365,,Debit Card,2023-07-03,334.89,1,Chicago,Books,Male
ORD1833,CUST929,,,2023-05-04,310.59,6,Chicago,Home,Male
ORD2016,CUST336,,PayPal,2023-08-30,153.42,10,Houston,Books,Other
ORD1037,CUST897,44.0,Credit Card,2023-10-21,487.5,10,Phoenix,Books,Male
ORD1052,CUST580,37.0,,2023-03-30,141.64,10,Phoenix,Home,Other
ORD1901,CUST651,,Credit Card,2023-03-10,135.59,3,Phoenix,Books,Female
ORD1478,CUST395,21.0,,2023-07-05,424.73,6,Phoenix,Beauty,Female
ORD1776,CUST300,44.0,PayPal,2023-12-13,479.91,1,Houston,Electronics,Female
ORD1267,CUST783,19.0,PayPal,2023-06-14,243.18,4,New York,Home,Female
ORD1646,CUST481,63.0,,2023-01-19,225.44,10,Houston,Clothing,Male
ORD1025,CUST983,36.0,PayPal,2023-03-02,479.52,6,Phoenix,Electronics,Female
ORD1691,CUST651,,Credit Card,2023-04-18,203.14,2,Houston,Beauty,Female
ORD1031,CUST622,,,2023-01-31,215.14,9,Los Angeles,Home,Male
ORD1635,CUST965,,,2023-03-28,155.82,10,Phoenix,Electronics,Other
ORD1796,CUST288,25.0,Credit Card,2023-02-15,45.71,6,Phoenix,Beauty,Female
ORD1224,CUST435,29.0,Debit Card,2023-01-28,143.77,1,Phoenix,Home,Male
ORD1512,CUST905,,PayPal,2023-11-17,38.86,8,Phoenix,Electronics,Male
ORD1913,CUST444,66.0,Debit Card,2023-02-05,266.19,10,Los Angeles,Books,Male
ORD1522,CUST193,31.0,PayPal,2023-10-12,330.37,4,New York,Beauty,Female
ORD1729,CUST746,,Debit Card,2023-11-23,232.96,2,Chicago,Home,Male
ORD1058,CUST505,,,2023-10-16,206.58,1,New York,Beauty,Male
ORD1947,CUST769,50.0,Credit Card,2023-06-26,391.36,8,Houston,Electronics,Male
ORD1246,CUST317,,Credit Card,2023-06-18,130.09,10,Phoenix,Electronics,Other
ORD2007,CUST634,21.0,PayPal,2023-05-05,232.46,10,Chicago,Electronics,Female
ORD1723,CUST508,,,2023-05-01,24.53,4,Houston,Beauty,Female
ORD1112,CUST421,58.0,Credit Card,2023-12-12,216.65,8,Chicago,Electronics,Male
ORD1717,CUST460,,,2023-08-30,424.56,2,Houston,Clothing,Female
ORD2091,CUST985,25.0,,2023-10-16,320.41,7,New York,Clothing,Female
ORD1922,CUST354,,,2023-06-02,462.24,7,New York,Clothing,Other
ORD1539,CUST697,,Credit Card,2023-08-09,163.54,3,Los Angeles,Home,Male
ORD1965,CUST873,38.0,,2023-12-03,171.38,1,Phoenix,Clothing,Male
ORD1232,CUST816,,Debit Card,2023-09-18,202.63,1,Houston,Electronics,Other
ORD1873,CUST307,,Debit Card,2023-05-02,194.4,10,Houston,Beauty,Other
ORD1818,CUST835,43.0,,2023-10-02,181.12,9,Chicago,Clothing,Female
ORD1596,CUST403,,,2023-10-03,38.72,8,New York,Electronics,Female
ORD1327,CUST879,,,2023-07-21,490.58,4,New York,Beauty,Male
ORD1077,CUST828,,Credit Card,2023-10-09,430.14,8,Los Angeles,Electronics,Male
ORD1661,CUST775,,PayPal,2023-09-24,70.75,4,Chicago,Clothing,Other
ORD1548,CUST408,55.0,PayPal,2023-06-12,340.0,5,Los Angeles,Home,Female
ORD1254,CUST845,,Debit Card,2023-02-23,126.22,2,Houston,Clothing,Other
ORD1108,CUST575,,,2023-07-11,182.37,2,Houston,Clothing,Male
ORD1526,CUST770,,Debit Card,2023-07-27,303.32,10,Los Angeles,Books,Female
ORD1676,CUST642,51.0,PayPal,2023-01-16,61.24,7,New York,Home,Other
ORD1653,CUST706,51.0,Credit Card,2023-08-30,400.31,7,New York,Books,Male
ORD1101,CUST154,20.0,Debit Card,2023-07-07,449.95,4,Chicago,Clothing,Other
ORD1741,CUST396,45.0,Debit Card,2023-11-10,186.59,10,Chicago,Books,Female
ORD1820,CUST766,,Debit Card,2023-08-17,427.62,7,New York,Clothing,Male
ORD1587,CUST338,59.0,Credit Card,2023-08-04,230.57,5,New York,Electronics,Female
ORD1480,CUST430,22.0,Credit Card,2023-12-20,462.75,9,Phoenix,Home,Male
ORD1066,CUST625,,Debit Card,2023-02-23,22.08,1,New York,Electronics,Male
